date,platform,campaign_type,campaign_objetive,product_category,market,total_impressions,total_clicks,total_ad_spend,total_conversions,total_revenue,ctr,cpc,cpa,roas
2024-01-02,TikTok Ads,Shopping,Performance,Skincare,Brazil,83953,5935,7834.2,296,50505.07,0.07069431705835408,1.32,26.46689189189189,6.4467424880651505
2024-02-22,TikTok Ads,Search,Performance,Haircare,Mexico,91807,4489,8663.77,107,3369.53,0.04889605367782413,1.9300000000000002,80.96981308411215,0.3889219127469912
2024-08-14,Meta Ads,Video,Branding,Skincare,Brazil,118252,3748,1574.16,152,12838.56,0.03169502418563745,0.42000000000000004,10.356315789473685,8.15581643543223
2024-04-09,Google Ads,Display,Branding,Haircare,Argentina,198824,9046,32656.06,407,71482.19,0.04549752544964391,3.6100000000000003,80.23601965601966,2.1889410418770665
2024-01-08,Google Ads,Search,Performance,Skincare,Argentina,63243,1707,3823.68,37,3893.12,0.026991129453062,2.2399999999999998,103.3427027027027,1.0181605155243116
2024-08-10,Meta Ads,Shopping,Performance,Haircare,Brazil,21389,941,752.8,46,8479.43,0.04399457665154986,0.7999999999999999,16.36521739130435,11.263854941551543
2024-01-11,TikTok Ads,Video,Branding,Haircare,Brazil,108145,3882,3649.08,98,28726.52,0.03589625040454945,0.94,37.235510204081635,7.872263693862563
2024-06-09,Meta Ads,Display,Branding,Haircare,Brazil,79441,3082,1633.46,100,29391.59,0.038796087662542014,0.53,16.334600000000002,17.993455609564972
2024-07-25,Meta Ads,Search,Performance,Haircare,Brazil,154381,1698,3141.3,70,19750.24,0.0109987628011219,1.85,44.87571428571429,6.2872823353388725
2024-05-21,TikTok Ads,Display,Branding,Haircare,Mexico,152235,6104,4455.92,252,48424.44,0.040095904358393275,0.73,17.682222222222222,10.867439271800212
2024-02-17,Google Ads,Search,Performance,Skincare,Brazil,142244,4935,14706.3,127,34307.21,0.03469390624560614,2.98,115.79763779527559,2.3328240277976104
2024-05-22,TikTok Ads,Display,Branding,Skincare,Brazil,70428,3310,3872.7,164,25462.93,0.0469983529278128,1.17,23.6140243902439,6.574981279210887
2024-12-06,TikTok Ads,Search,Performance,Skincare,Mexico,180021,13105,21099.05,880,75656.62,0.07279706256492298,1.6099999999999999,23.976193181818182,3.5857832461651116
2024-06-10,TikTok Ads,Video,Branding,Skincare,Brazil,141643,8526,3921.96,379,51038.1,0.06019358528130582,0.46,10.348179419525065,13.013416761007251
2024-06-30,Meta Ads,Video,Branding,Makeup,Brazil,59131,1425,1482,66,19372.57,0.024099034347465798,1.04,22.454545454545453,13.071909581646423
2024-01-04,Meta Ads,Shopping,Performance,Haircare,Mexico,393230,6845,7034.89,462,66237.23,0.017407115428629556,1.0277414170927686,15.227034632034632,9.415531728285728
2024-09-27,Meta Ads,Video,Branding,Makeup,Brazil,74212,1528,2230.88,85,21331.58,0.02058966204926427,1.46,26.24564705882353,9.56195761313921
2024-02-17,Meta Ads,Video,Branding,Makeup,Brazil,134660,4327,5604.070000000001,98,23566.61,0.03213277885043814,1.2951398197365382,57.184387755102044,4.205266886387928
2024-02-27,Google Ads,Search,Performance,Haircare,Brazil,108751,5459,7806.37,345,24740.95,0.05019723956561319,1.43,22.627159420289853,3.1693283818215128
2024-11-30,Google Ads,Display,Branding,Skincare,Brazil,79960,1591,1638.73,55,15206.45,0.01989744872436218,1.03,29.79509090909091,9.27941149548736
2024-01-22,Google Ads,Display,Branding,Haircare,Brazil,85077,4032,11450.88,253,13168.69,0.047392362213054054,2.84,45.26039525691699,1.15001554465683
2024-08-27,Google Ads,Shopping,Performance,Skincare,Mexico,159226,5206,5049.82,137,27701.27,0.03269566528079585,0.97,36.86,5.485595526177171
2024-03-08,Meta Ads,Video,Branding,Skincare,Mexico,46850,983,1553.14,38,10968.52,0.020981856990394877,1.58,40.8721052631579,7.062157950989608
2024-11-29,Meta Ads,Video,Branding,Makeup,Brazil,61652,2614,3345.92,133,20303.14,0.04239927334068643,1.28,25.157293233082708,6.0680291220351945
2024-04-08,Google Ads,Search,Performance,Haircare,Mexico,114028,3112,4232.32,120,10393.96,0.027291542428175535,1.3599999999999999,35.26933333333333,2.4558539996975655
2024-02-01,Google Ads,Video,Branding,Haircare,Brazil,48790,2824,3671.2,178,37847.71,0.057880713260914124,1.3,20.624719101123596,10.309356613641317
2024-10-17,TikTok Ads,Search,Performance,Haircare,Argentina,47462,1803,955.59,98,29213.28,0.03798828536513421,0.53,9.750918367346939,30.570935233729944
2024-03-27,Google Ads,Video,Branding,Haircare,Mexico,109672,2675,6821.25,50,11521.03,0.024390911080312203,2.55,136.425,1.6889910207073484
2024-04-29,Meta Ads,Display,Branding,Skincare,Argentina,12610,197,130.02,11,2637.16,0.015622521808088818,0.66,11.82,20.28272573450238
2024-01-15,Google Ads,Search,Performance,Skincare,Mexico,43098,1620,4422.6,39,7135.44,0.03758875121815398,2.7300000000000004,113.4,1.6134038800705466
2024-11-21,Google Ads,Display,Branding,Haircare,Argentina,150778,2985,4149.15,59,16435.61,0.01979731791110109,1.39,70.32457627118643,3.961199281780606
2024-08-11,TikTok Ads,Search,Performance,Makeup,Argentina,164599,11209,4595.69,653,133415.01,0.06809883413629488,0.41,7.037810107197549,29.030463325420126
2024-09-10,TikTok Ads,Search,Performance,Makeup,Mexico,90468,5753,4602.4,141,12042.73,0.06359154618207544,0.7999999999999999,32.641134751773045,2.616619589779246
2024-10-18,Google Ads,Search,Performance,Makeup,Argentina,49484,1118,2291.9,79,18417.53,0.022593161425915446,2.0500000000000003,29.011392405063294,8.035922160652733
2024-04-15,Meta Ads,Shopping,Performance,Haircare,Mexico,106505,1022,1839.6,27,2467.18,0.009595793624712455,1.7999999999999998,68.13333333333333,1.3411502500543597
2024-05-17,Google Ads,Display,Branding,Haircare,Mexico,12086,594,1461.24,21,3418.15,0.04914777428429588,2.46,69.58285714285714,2.339211902220032
2024-05-10,Google Ads,Display,Branding,Haircare,Brazil,74672,2665,4157.4,129,32318.91,0.03568941504178273,1.5599999999999998,32.22790697674418,7.773827392120076
2024-07-10,Meta Ads,Shopping,Performance,Haircare,Argentina,134614,3190,5678.2,188,41736.54,0.02369738660169076,1.78,30.2031914893617,7.3503117185023426
2024-11-06,Google Ads,Display,Branding,Haircare,Argentina,14884,541,1758.25,43,4123.58,0.03634775597957538,3.25,40.88953488372093,2.345275131522821
2024-08-15,Google Ads,Shopping,Performance,Haircare,Argentina,175623,9483,9198.51,268,79311.56,0.05399634444235664,0.97,34.322798507462686,8.622218163593885
2024-02-29,Google Ads,Search,Performance,Haircare,Brazil,34802,1708,4953.2,72,6827.25,0.049077639216137,2.9,68.79444444444444,1.3783513688120812
2024-08-30,Meta Ads,Video,Branding,Haircare,Brazil,140431,1544,802.88,74,2904.54,0.010994723387286283,0.52,10.849729729729729,3.6176514547628535
2024-06-13,TikTok Ads,Search,Performance,Haircare,Brazil,139511,8384,11318.4,209,26357.3,0.06009561970023869,1.3499999999999999,54.15502392344497,2.3287125388747527
2024-12-13,Meta Ads,Video,Branding,Haircare,Argentina,149542,2497,2596.88,70,12612.87,0.016697650158483904,1.04,37.098285714285716,4.856932164751548
2024-08-08,Meta Ads,Search,Performance,Makeup,Brazil,8188,272,315.52,14,3745.84,0.03321934538348803,1.16,22.537142857142857,11.871957403651116
2024-02-05,TikTok Ads,Search,Performance,Makeup,Mexico,168322,4965,4518.15,228,49052.14,0.029497035443970487,0.9099999999999999,19.816447368421052,10.856686918318339
2024-05-09,Meta Ads,Display,Branding,Haircare,Brazil,113957,3008,7008.64,127,17960.45,0.026395921268548662,2.33,55.18614173228347,2.5626155716372936
2024-08-28,Meta Ads,Video,Branding,Makeup,Brazil,196386,6794,5503.14,506,34412.06,0.03459513407269357,0.81,10.875770750988142,6.253168191250812
2024-01-23,Google Ads,Search,Performance,Haircare,Argentina,57979,2081,3933.09,148,18788.47,0.03589230583487125,1.8900000000000001,26.574932432432433,4.777025188846428
2024-09-01,TikTok Ads,Shopping,Performance,Skincare,Brazil,131206,8279,12666.87,553,61485.88,0.06309924850997668,1.53,22.905732368896928,4.8540705004472295
2024-10-08,Meta Ads,Shopping,Performance,Haircare,Brazil,155555,4588,7111.4,332,12719.4,0.02949439105139661,1.5499999999999998,21.41987951807229,1.7885929634108615
2024-02-15,Google Ads,Search,Performance,Skincare,Brazil,30835,925,1813,14,3805.56,0.029998378466028864,1.96,129.5,2.0990402647545503
2024-12-16,TikTok Ads,Search,Performance,Skincare,Brazil,56782,3264,2611.2,154,15749.58,0.05748300517769716,0.7999999999999999,16.955844155844154,6.031548713235295
2024-04-28,Google Ads,Shopping,Performance,Haircare,Argentina,81830,4091,5931.95,49,7206.83,0.04999388977147745,1.45,121.06020408163265,1.2149175229056213
2024-12-04,Google Ads,Video,Branding,Makeup,Mexico,154741,6019,6259.76,220,38586.7,0.03889725412140286,1.04,28.453454545454548,6.16424591358135
2024-06-19,Meta Ads,Search,Performance,Skincare,Brazil,302976,10355,23145.33,699,140161.26,0.034177624630333754,2.2351839690970547,33.112060085836916,6.055703677588524
2024-12-06,Meta Ads,Display,Branding,Skincare,Mexico,14815,189,103.95,3,142.69,0.012757340533243334,0.55,34.65,1.3726791726791727
2024-03-22,Google Ads,Display,Branding,Skincare,Brazil,65985,1445,1184.9,63,4237.85,0.021898916420398575,0.8200000000000001,18.80793650793651,3.576546544012153
2024-06-30,Google Ads,Display,Branding,Makeup,Argentina,64757,3976,5685.68,58,4380.33,0.06139876770078911,1.4300000000000002,98.02896551724139,0.7704144447102194
2024-10-30,Meta Ads,Shopping,Performance,Haircare,Mexico,88470,2459,2434.41,165,44145,0.027794732677743867,0.99,14.754,18.1337572553514
2024-07-27,Google Ads,Video,Branding,Skincare,Brazil,190890,7616,8834.56,141,25751.07,0.039897323065639895,1.16,62.65645390070922,2.9148106979860913
2024-12-30,Google Ads,Shopping,Performance,Haircare,Mexico,148041,8053,27943.91,98,4146.07,0.054397092697293314,3.47,285.1419387755102,0.14837114777423774
2024-09-03,Google Ads,Video,Branding,Skincare,Brazil,177472,9210,18696.3,410,45066.38,0.05189551027767761,2.03,45.600731707317074,2.4104437776458445
2024-08-15,Google Ads,Display,Branding,Haircare,Brazil,95153,5404,9186.8,74,20688.95,0.05679274431704728,1.7,124.14594594594594,2.252030086646058
2024-11-13,Google Ads,Video,Branding,Haircare,Mexico,179877,4317,10965.18,215,13004.03,0.023999733150986507,2.54,51.000837209302325,1.1859385801236277
2024-01-16,Google Ads,Search,Performance,Haircare,Brazil,192593,4949,9056.67,172,20836.16,0.025696676410876824,1.83,52.65505813953489,2.30064250988498
2024-10-16,Google Ads,Shopping,Performance,Skincare,Brazil,163178,5172,11430.12,325,14305.21,0.031695449141428376,2.21,35.1696,1.2515362918324566
2024-05-23,Google Ads,Video,Branding,Makeup,Brazil,162242,5110,13643.7,118,30643.55,0.031496160057198505,2.67,115.62457627118644,2.2459853265609766
2024-06-23,Google Ads,Video,Branding,Skincare,Argentina,121565,2601,5306.04,176,34156.84,0.021395961008513965,2.04,30.147954545454546,6.4373506419099735
2024-12-09,Google Ads,Display,Branding,Makeup,Mexico,39505,2251,6888.06,149,30920.99,0.056980129097582585,3.06,46.22859060402685,4.48907094305218
2024-11-06,Meta Ads,Shopping,Performance,Haircare,Brazil,149654,6689,8628.81,262,10578.46,0.04469643310569714,1.2899999999999998,32.934389312977096,1.2259465673713987
2024-09-08,Meta Ads,Video,Branding,Haircare,Mexico,27036,708,1182.36,12,1538.26,0.026187305814469597,1.67,98.52999999999999,1.3010081531851552
2024-09-13,Meta Ads,Search,Performance,Makeup,Brazil,114844,3307,6944.7,123,36552.89,0.02879558357423984,2.1,56.4609756097561,5.26342246605325
2024-09-11,Meta Ads,Video,Branding,Haircare,Brazil,34949,1324,2369.96,86,9084.22,0.037883773498526424,1.79,27.557674418604652,3.8330689125554858
2024-05-15,Meta Ads,Video,Branding,Skincare,Brazil,143383,3412,3480.24,117,19100.2,0.023796405431606257,1.02,29.745641025641024,5.488184722892675
2024-06-14,Google Ads,Display,Branding,Skincare,Argentina,160579,7804,10613.44,193,9996.49,0.04859913189146775,1.36,54.9919170984456,0.9418708731570536
2024-10-30,TikTok Ads,Shopping,Performance,Haircare,Brazil,158807,5859,3339.63,73,7304.51,0.036893839692205006,0.5700000000000001,45.748356164383566,2.187221338890835
2024-02-13,Meta Ads,Video,Branding,Makeup,Argentina,57299,1186,1601.1,25,5383.27,0.02069844150857781,1.3499999999999999,64.044,3.362232215351946
2024-05-27,Google Ads,Search,Performance,Skincare,Mexico,161554,6252,19068.6,361,57767.01,0.03869913465466655,3.05,52.82160664819944,3.0294311066360406
2024-01-25,Meta Ads,Search,Performance,Haircare,Argentina,27499,728,778.96,17,3860.75,0.026473689952361903,1.07,45.821176470588235,4.956287871007497
2024-07-19,Google Ads,Shopping,Performance,Skincare,Argentina,23773,461,737.6,5,642.97,0.019391746939805662,1.6,147.52,0.8717055314533623
2024-03-17,Meta Ads,Shopping,Performance,Makeup,Brazil,57784,907,1097.47,54,2856.1,0.01569638654298768,1.21,20.32351851851852,2.602440157817526
2024-12-23,Google Ads,Video,Branding,Makeup,Brazil,83845,2599,6991.31,137,29891.75,0.030997674279921283,2.69,51.0314598540146,4.2755577996112315
2024-03-28,Meta Ads,Search,Performance,Skincare,Mexico,196595,2614,993.32,28,6376.7,0.01329637071136092,0.38,35.47571428571429,6.419582813192123
2024-11-25,Google Ads,Display,Branding,Haircare,Argentina,158138,2846,5805.84,143,22164.01,0.017996939382058708,2.04,40.60027972027972,3.8175371694707394
2024-04-01,TikTok Ads,Display,Branding,Haircare,Argentina,116561,4231,4231,172,42291.58,0.036298590437624935,1,24.598837209302324,9.99564641928622
2024-10-12,Meta Ads,Search,Performance,Makeup,Brazil,61437,1087,2424.01,80,11780.01,0.017692921203834824,2.23,30.300125,4.859720050659857
2024-07-26,TikTok Ads,Shopping,Performance,Skincare,Brazil,21643,1142,1176.26,81,18823.45,0.05276532828166151,1.03,14.521728395061729,16.00279700066312
2024-12-21,Google Ads,Video,Branding,Skincare,Mexico,83243,2821,8547.63,181,43894.09,0.03388873538916185,3.03,47.22447513812154,5.135235147052458
2024-07-31,Meta Ads,Search,Performance,Haircare,Brazil,39754,1164,1571.4,72,9221.61,0.02928007244554007,1.35,21.825000000000003,5.868403970981291
2024-04-05,Meta Ads,Shopping,Performance,Makeup,Mexico,43148,979,1086.69,71,7719.69,0.02268934828960786,1.11,15.30549295774648,7.103856665654417
2024-01-27,Meta Ads,Search,Performance,Skincare,Mexico,128556,4910,4320.8,55,10684.27,0.038193472105541554,0.88,78.56,2.472752730975745
2024-09-21,Meta Ads,Shopping,Performance,Skincare,Mexico,17281,793,935.74,46,12594.97,0.045888548116428445,1.18,20.342173913043478,13.459903391967854
2024-02-16,Google Ads,Video,Branding,Makeup,Brazil,180069,5780,8496.6,272,74348.97,0.03209880656859315,1.47,31.2375,8.750437822187699
2024-09-26,Google Ads,Shopping,Performance,Skincare,Argentina,161252,8046,24540.3,550,130994.6,0.0498970555403964,3.05,44.61872727272727,5.337938004017881
2024-04-04,Meta Ads,Shopping,Performance,Makeup,Mexico,26637,479,397.57,35,1488.52,0.01798250553741037,0.83,11.359142857142857,3.744045073823478
2024-12-10,Meta Ads,Display,Branding,Skincare,Brazil,57996,1705,3478.2,127,26935.06,0.02939857921235947,2.04,27.38740157480315,7.743965269392215
2024-12-22,Meta Ads,Shopping,Performance,Haircare,Mexico,49522,1554,2657.34,23,1909.73,0.03137999273050361,1.7100000000000002,115.53652173913044,0.7186622712938502
2024-12-30,Google Ads,Search,Performance,Haircare,Mexico,63738,1306,1214.58,87,16951.52,0.020490131475728764,0.9299999999999999,13.960689655172413,13.956692848556704
2024-12-04,Meta Ads,Search,Performance,Haircare,Brazil,158742,5778,12538.26,388,68610.11,0.03639868465812451,2.17,32.3151030927835,5.472059918999925
2024-03-19,Google Ads,Shopping,Performance,Haircare,Mexico,184081,5135,11194.3,96,24545.05,0.02789532868682808,2.1799999999999997,116.60729166666665,2.192638217664347
2024-10-07,TikTok Ads,Display,Branding,Haircare,Mexico,124614,4573,1326.17,240,46988.2,0.03669732132826167,0.29000000000000004,5.525708333333333,35.43150576472096
2024-06-01,TikTok Ads,Shopping,Performance,Haircare,Mexico,52368,3351,2044.11,117,12829.28,0.06398945921173235,0.61,17.47102564102564,6.276218011750836
2024-08-08,Meta Ads,Search,Performance,Haircare,Argentina,164074,6152,5844.4,360,47241.24,0.03749527652156954,0.95,16.234444444444442,8.083163370063652
2024-10-26,Google Ads,Search,Performance,Makeup,Argentina,90349,5420,16368.4,105,16913.07,0.05998959590034201,3.02,155.8895238095238,1.0332757019623175
2024-06-03,TikTok Ads,Shopping,Performance,Makeup,Mexico,77726,2557,1252.93,37,2932.31,0.03289761469778452,0.49000000000000005,33.862972972972976,2.340362191024239
2024-06-23,Meta Ads,Search,Performance,Haircare,Argentina,57203,1029,895.23,11,1505.4,0.01798856703319756,0.87,81.38454545454546,1.6815790355551088
2024-07-12,TikTok Ads,Display,Branding,Skincare,Brazil,36562,1257,540.51,74,11838.52,0.03437995733274985,0.43,7.304189189189189,21.902499491221256
2024-07-02,Google Ads,Display,Branding,Haircare,Brazil,87481,4181,12041.28,104,28643.42,0.047793235102479396,2.8800000000000003,115.78153846153847,2.3787687023306487
2024-01-09,Google Ads,Video,Branding,Skincare,Mexico,108510,3721,5246.61,116,23480.01,0.03429177034374712,1.41,45.229396551724136,4.47527260459611
2024-03-30,Google Ads,Search,Performance,Skincare,Brazil,66402,2695,5012.7,199,14266.46,0.040586126923887834,1.8599999999999999,25.189447236180904,2.8460629999800506
2024-03-14,Google Ads,Video,Branding,Makeup,Argentina,37135,1006,1931.52,62,17772.87,0.027090346034738116,1.92,31.153548387096773,9.201494160039761
2024-09-17,Meta Ads,Search,Performance,Haircare,Brazil,166243,1895,1743.4,51,5887.21,0.01139897619749403,0.92,34.1843137254902,3.376855569576689
2024-09-03,Google Ads,Search,Performance,Makeup,Argentina,144911,7897,12872.11,555,21004.5,0.05449551793859679,1.6300000000000001,23.192990990990992,1.6317837557323547
2024-01-21,Google Ads,Search,Performance,Skincare,Brazil,59886,2113,2662.38,159,4803.43,0.03528370570751094,1.26,16.744528301886792,1.8041864797662241
2024-04-22,Meta Ads,Video,Branding,Makeup,Brazil,98264,3144,4904.64,129,23127.27,0.03199544085321176,1.56,38.02046511627907,4.715385838715991
2024-07-07,Meta Ads,Display,Branding,Haircare,Argentina,67823,2075,3797.25,26,4093.91,0.03059434115270631,1.83,146.04807692307693,1.0781249588518007
2024-05-20,Google Ads,Search,Performance,Skincare,Argentina,159741,6868,9409.16,336,33272.11,0.04299459750471075,1.3699999999999999,28.003452380952382,3.5361403143319916
2024-07-09,Meta Ads,Video,Branding,Haircare,Brazil,76229,1562,1577.62,30,4290.5,0.02049088929410067,1.01,52.587333333333326,2.7196029462101143
2024-02-18,Google Ads,Video,Branding,Skincare,Argentina,42823,1588,4716.36,33,3266.45,0.03708287602456624,2.9699999999999998,142.92,0.6925785987498834
2024-03-31,Meta Ads,Display,Branding,Skincare,Mexico,151295,2163,3417.54,85,3173.67,0.014296572920453419,1.58,40.20635294117647,0.9286416545234292
2024-05-28,Meta Ads,Search,Performance,Haircare,Argentina,49789,622,1293.76,48,7704.96,0.012492719275341943,2.08,26.953333333333333,5.95547860499629
2024-05-27,TikTok Ads,Shopping,Performance,Skincare,Brazil,66842,2339,3274.6,123,14081.65,0.03499296849286377,1.4,26.622764227642275,4.3002656813045865
2024-11-05,Google Ads,Shopping,Performance,Haircare,Mexico,36707,943,1235.33,21,4396.12,0.02568992290298853,1.3099999999999998,58.82523809523809,3.5586604389110605
2024-06-21,TikTok Ads,Display,Branding,Haircare,Brazil,42019,2979,4498.29,234,56724.23,0.07089649920274162,1.51,19.22346153846154,12.610176311442794
2024-12-25,Meta Ads,Shopping,Performance,Skincare,Brazil,51999,930,1116,13,1777.36,0.017884959326140887,1.2,85.84615384615384,1.5926164874551971
2024-05-19,TikTok Ads,Shopping,Performance,Skincare,Argentina,176946,13784,11854.24,743,208986.19,0.07789947215534683,0.86,15.954562584118438,17.629657405282835
2024-01-14,TikTok Ads,Search,Performance,Skincare,Argentina,85428,5134,4415.24,202,37603.74,0.06009739195579904,0.86,21.857623762376235,8.51680542847048
2024-06-05,TikTok Ads,Video,Branding,Haircare,Argentina,180309,5823,3784.95,232,46549.68,0.032294561003610465,0.65,16.314439655172414,12.29862481670828
2024-09-01,Meta Ads,Shopping,Performance,Haircare,Brazil,150698,4581,2336.31,285,32525.45,0.030398545435241342,0.51,8.19757894736842,13.921718436337644
2024-01-18,Google Ads,Shopping,Performance,Makeup,Brazil,76792,3317,10282.7,262,42043.84,0.04319460360454214,3.1,39.2469465648855,4.088793799293959
2024-04-06,TikTok Ads,Search,Performance,Skincare,Argentina,108247,6971,4112.89,517,139391.79,0.064399013367576,0.5900000000000001,7.955299806576403,33.89144616072883
2024-04-01,TikTok Ads,Video,Branding,Haircare,Brazil,115310,3205,3333.2,134,14521.43,0.027794640534212125,1.04,24.87462686567164,4.356603264130565
2024-02-27,TikTok Ads,Display,Branding,Skincare,Mexico,133303,4225,6464.25,139,8508.68,0.031694710546649366,1.53,46.50539568345324,1.316267161697026
2024-11-28,Meta Ads,Search,Performance,Makeup,Mexico,116030,4177,3759.3,188,8691.11,0.035999310523140565,0.9,19.996276595744682,2.31189583167079
2024-04-18,TikTok Ads,Video,Branding,Skincare,Argentina,188844,12860,12602.8,892,133607.64,0.06809853635805214,0.98,14.128699551569506,10.601425080140922
2024-05-24,Google Ads,Video,Branding,Haircare,Mexico,102648,2330,5941.5,157,28653.63,0.02269893227340036,2.55,37.84394904458599,4.822625599596062
2024-04-18,TikTok Ads,Search,Performance,Haircare,Argentina,41558,1757,2125.97,72,18414.15,0.04227826170653063,1.21,29.52736111111111,8.661528619877046
2024-12-01,Google Ads,Search,Performance,Skincare,Brazil,124119,6416,16360.8,358,48445.72,0.051692327524391915,2.55,45.700558659217876,2.9610850325167477
2024-10-12,Google Ads,Video,Branding,Haircare,Brazil,185378,3244,5904.08,246,67552.8,0.017499379645912676,1.82,24.000325203252032,11.44171488191217
2024-08-31,Meta Ads,Search,Performance,Skincare,Brazil,199405,5204,4995.84,333,25169.83,0.026097640480429278,0.9600000000000001,15.002522522522524,5.038157747245709
2024-11-20,Meta Ads,Shopping,Performance,Makeup,Brazil,165322,4529,7835.17,167,38358.92,0.0273950230459346,1.73,46.917185628742516,4.895735510524979
2024-05-20,Meta Ads,Video,Branding,Makeup,Brazil,83678,2761,4583.26,35,4630.48,0.03299553048591027,1.6600000000000001,130.9502857142857,1.01030271029791
2024-08-19,Meta Ads,Search,Performance,Makeup,Mexico,199363,3847,3462.3,73,11133.49,0.019296459222624057,0.9,47.42876712328767,3.2156341160500244
2024-12-07,Google Ads,Shopping,Performance,Skincare,Mexico,144535,7588,23522.8,445,105358.98,0.052499394610302,3.1,52.86022471910112,4.479015253286174
2024-03-06,TikTok Ads,Shopping,Performance,Haircare,Mexico,60114,4917,6637.95,279,15410.94,0.0817945902784709,1.3499999999999999,23.79193548387097,2.3216414706347592
2024-04-29,Google Ads,Search,Performance,Haircare,Mexico,59418,1996,3293.4,80,3528.5,0.033592514052980575,1.6500000000000001,41.167500000000004,1.0713851946316877
2024-07-19,Meta Ads,Shopping,Performance,Makeup,Argentina,194059,3434,4670.24,193,7460.79,0.01769564926130713,1.3599999999999999,24.198134715025905,1.5975174723354688
2024-09-05,Google Ads,Shopping,Performance,Skincare,Argentina,197589,4781,7649.6,225,12329.91,0.024196691111347292,1.6,33.998222222222225,1.61183722024681
2024-02-06,Google Ads,Video,Branding,Haircare,Mexico,73591,2649,7496.67,161,45161.9,0.03599624954138414,2.83,46.56316770186336,6.024261438745469
2024-09-12,Google Ads,Video,Branding,Makeup,Mexico,193869,13124,38453.32,264,67604.89,0.06769519624076051,2.93,145.65651515151515,1.7581028114087418
2024-03-24,Google Ads,Video,Branding,Haircare,Mexico,185523,6029,8320.02,252,12404.91,0.032497318391789695,1.3800000000000001,33.015952380952385,1.4909711755500588
2024-11-11,TikTok Ads,Shopping,Performance,Haircare,Argentina,184969,15407,20645.38,352,52669.94,0.08329503862809444,1.34,58.65164772727273,2.5511731922589944
2024-04-14,TikTok Ads,Search,Performance,Makeup,Mexico,88115,5383,3660.44,121,28357.39,0.06109062021222266,0.68,30.251570247933884,7.746989432964343
2024-12-25,Meta Ads,Shopping,Performance,Skincare,Mexico,46291,1976,1442.48,74,2307.39,0.042686483333693376,0.73,19.49297297297297,1.5995993012034828
2024-08-02,Google Ads,Video,Branding,Skincare,Brazil,33750,1410,2693.1,106,5682.79,0.041777777777777775,1.91,25.406603773584905,2.110129590434815
2024-11-12,Google Ads,Video,Branding,Haircare,Brazil,57335,1869,5139.75,133,11136.73,0.032597889596232665,2.75,38.64473684210526,2.166784376672017
2024-04-04,TikTok Ads,Search,Performance,Skincare,Mexico,244673,18906,22896.739999999998,1062,210274.16,0.0772704793745121,1.211083253993441,21.560018832391712,9.183585086785282
2024-12-18,Meta Ads,Display,Branding,Skincare,Brazil,177825,4285,3342.3,163,29602.7,0.02409672430760579,0.78,20.504907975460124,8.856984711127067
2024-12-06,TikTok Ads,Video,Branding,Haircare,Brazil,23883,1332,2077.92,66,10903.46,0.05577188795377465,1.56,31.483636363636364,5.247295372295372
2024-09-16,Meta Ads,Display,Branding,Haircare,Brazil,7056,227,186.14,6,1653.16,0.032171201814058956,0.82,31.02333333333333,8.881272160739229
2024-12-08,Meta Ads,Search,Performance,Haircare,Mexico,46936,2234,1764.86,55,5977.87,0.047596727458667124,0.7899999999999999,32.08836363636363,3.3871638543567197
2024-08-31,Google Ads,Video,Branding,Haircare,Brazil,166957,5476,6680.72,137,35345.21,0.032798864378253086,1.22,48.7643795620438,5.290628854374977
2024-07-29,Google Ads,Search,Performance,Skincare,Brazil,63001,3181,4707.88,94,3324.55,0.05049126204345963,1.48,50.083829787234045,0.7061671070630517
2024-08-02,TikTok Ads,Shopping,Performance,Skincare,Brazil,50955,3892,4942.84,224,60995.17,0.07638112059660485,1.27,22.06625,12.340106092853501
2024-05-18,Google Ads,Display,Branding,Skincare,Brazil,13294,583,804.54,46,11553.7,0.04385437039265834,1.38,17.49,14.3606284336391
2024-11-30,Google Ads,Shopping,Performance,Haircare,Mexico,61902,2599,7589.08,160,43994.91,0.04198571936286388,2.92,47.43175,5.797133512889573
2024-12-26,Meta Ads,Search,Performance,Skincare,Brazil,138704,1803,1550.58,119,10297.42,0.012998904141192756,0.86,13.030084033613445,6.641011750441771
2024-12-11,Google Ads,Shopping,Performance,Haircare,Mexico,154058,3728,9170.88,125,7520.81,0.024198678419815912,2.46,73.36703999999999,0.8200750636798214
2024-03-06,Meta Ads,Search,Performance,Haircare,Argentina,132390,2780,2807.8,133,39444.5,0.020998564846287485,1.01,21.111278195488723,14.04818719282
2024-12-12,Google Ads,Search,Performance,Makeup,Argentina,38512,1840,2465.6,53,3324.76,0.04777731616119651,1.3399999999999999,46.52075471698113,1.3484587929915641
2024-07-19,Meta Ads,Display,Branding,Haircare,Argentina,140475,5043,10287.72,327,96504.49,0.03589962626801922,2.04,31.46091743119266,9.380551764628121
2024-02-24,TikTok Ads,Display,Branding,Makeup,Argentina,133422,8458,6935.56,663,111531.65,0.06339284375890034,0.8200000000000001,10.460874811463047,16.08113115595568
2024-04-30,Google Ads,Shopping,Performance,Haircare,Brazil,155018,9146,27072.16,495,33297.83,0.05899960004644622,2.96,54.69123232323232,1.2299657655687615
2024-03-21,Google Ads,Display,Branding,Haircare,Mexico,77964,2915,9852.7,161,14283,0.03738905135703658,3.3800000000000003,61.19689440993789,1.4496533945009997
2024-05-19,TikTok Ads,Shopping,Performance,Makeup,Mexico,96432,7155,2504.25,336,47954.95,0.0741973618715779,0.35,7.453125,19.14942597584107
2024-02-19,Google Ads,Search,Performance,Makeup,Argentina,102366,2589,4116.51,148,35080.15,0.025291600726803823,1.59,27.81425675675676,8.521818239236636
2024-02-05,TikTok Ads,Shopping,Performance,Skincare,Mexico,90443,3789,2159.73,94,16003.58,0.04189378945855401,0.57,22.975851063829786,7.409991063697777
2024-09-21,Meta Ads,Shopping,Performance,Makeup,Mexico,138018,1683,1733.49,56,8635.5,0.012194061644133374,1.03,30.955178571428572,4.981568973573542
2024-02-19,Google Ads,Video,Branding,Skincare,Brazil,30545,1728,2989.44,51,3408.09,0.05657227042069078,1.73,58.616470588235295,1.1400429511881824
2024-06-24,Meta Ads,Shopping,Performance,Haircare,Brazil,74859,1661,2242.35,101,6046.11,0.02218838082261318,1.3499999999999999,22.201485148514852,2.6963275135460565
2024-08-15,TikTok Ads,Search,Performance,Skincare,Mexico,15273,464,357.28,24,871.3,0.030380409873633208,0.7699999999999999,14.886666666666665,2.438703537841469
2024-03-10,Google Ads,Shopping,Performance,Skincare,Argentina,71107,2936,7839.12,215,26952.54,0.04128988707159632,2.67,36.461023255813956,3.4382099011113496
2024-10-13,Meta Ads,Search,Performance,Makeup,Argentina,61994,1847,1477.6,147,5622.21,0.029793205794109108,0.7999999999999999,10.051700680272107,3.804960747157553
2024-02-06,Google Ads,Display,Branding,Haircare,Brazil,51678,2966,7652.28,192,21240.9,0.05739386199156314,2.58,39.855624999999996,2.7757609496777436
2024-03-17,Meta Ads,Shopping,Performance,Haircare,Brazil,108726,2968,6885.76,49,2393.62,0.027297978404429483,2.3200000000000003,140.5257142857143,0.34761885398271214
2024-11-05,Meta Ads,Video,Branding,Haircare,Brazil,178013,1886,2150.04,83,22320.49,0.01059473184542702,1.14,25.904096385542168,10.381430112928133
2024-11-07,Meta Ads,Video,Branding,Skincare,Argentina,107299,2585,3412.2,110,23820.26,0.02409155723725291,1.3199999999999998,31.02,6.980909677041205
2024-04-17,Meta Ads,Shopping,Performance,Skincare,Argentina,30618,719,913.13,40,6289.61,0.02348291854464694,1.27,22.82825,6.887967759245671
2024-10-21,TikTok Ads,Shopping,Performance,Skincare,Mexico,194060,11721,20277.33,504,76238.77,0.060398845717819234,1.7300000000000002,40.23279761904762,3.759803189078641
2024-05-03,Google Ads,Search,Performance,Haircare,Argentina,136135,7936,10792.96,406,40442.85,0.05829507474198406,1.3599999999999999,26.583645320197043,3.7471509206000952
2024-05-04,TikTok Ads,Display,Branding,Haircare,Brazil,120210,6455,11489.9,289,23286.47,0.05369769569919308,1.78,39.75743944636678,2.0266903976535917
2024-06-05,Google Ads,Video,Branding,Haircare,Brazil,109148,3951,7072.29,249,56329.34,0.0361985560889801,1.79,28.40277108433735,7.9647949956803235
2024-08-09,Meta Ads,Shopping,Performance,Haircare,Argentina,25704,616,616,18,2381.36,0.023965141612200435,1,34.22222222222222,3.865844155844156
2024-04-14,Google Ads,Search,Performance,Makeup,Argentina,191372,11711,29043.28,335,75028.42,0.06119495014944715,2.48,86.69635820895522,2.5833314969934524
2024-05-27,Google Ads,Search,Performance,Skincare,Brazil,15470,529,634.8,5,1223.76,0.03419521654815773,1.2,126.96,1.927788279773157
2024-09-07,Meta Ads,Video,Branding,Haircare,Brazil,142135,2387,4583.04,98,25385.35,0.016793893129770993,1.92,46.76571428571429,5.538976312665828
2024-04-05,Meta Ads,Video,Branding,Skincare,Brazil,103576,1263,593.61,22,5190.25,0.012193944543137407,0.47000000000000003,26.98227272727273,8.74353531780125
2024-10-28,Google Ads,Search,Performance,Makeup,Brazil,104456,6403,13510.33,440,111130.68,0.061298537183120165,2.11,30.705295454545453,8.22560810875826
2024-10-12,Meta Ads,Display,Branding,Skincare,Brazil,173307,3292,3390.76,74,21574.44,0.018995193500551046,1.03,45.82108108108108,6.362715143507649
2024-09-01,TikTok Ads,Video,Branding,Haircare,Mexico,154676,5970,6507.3,107,14099.39,0.03859680881326127,1.09,60.81588785046729,2.1667035483226527
2024-03-04,Meta Ads,Video,Branding,Skincare,Brazil,113447,1826,3158.98,24,4477.79,0.016095621744074324,1.73,131.62416666666667,1.4174796928122368
2024-04-15,Google Ads,Video,Branding,Skincare,Argentina,57328,2161,3306.33,99,17903.97,0.03769536701088473,1.53,33.39727272727273,5.415058388001198
2024-06-29,Google Ads,Display,Branding,Haircare,Mexico,146332,7184,20115.2,366,40775.67,0.04909384140174398,2.8000000000000003,54.95956284153006,2.0271073615972
2024-05-11,Meta Ads,Search,Performance,Haircare,Brazil,112596,2668,3201.6,39,10899.61,0.023695335535898254,1.2,82.09230769230768,3.4044259120439784
2024-07-18,Google Ads,Shopping,Performance,Skincare,Brazil,20797,846,913.68,56,11660.97,0.040678944078472855,1.0799999999999998,16.315714285714286,12.762641187286578
2024-05-22,Meta Ads,Display,Branding,Skincare,Brazil,165321,4447,6937.32,301,23975.23,0.026899184011710552,1.5599999999999998,23.047574750830563,3.4559786776449695
2024-08-04,TikTok Ads,Video,Branding,Haircare,Brazil,120152,4613,4474.61,108,27205.77,0.03839303548838138,0.97,41.43157407407407,6.0800315558227425
2024-10-15,Meta Ads,Search,Performance,Skincare,Brazil,190392,6016,13776.64,165,35908.75,0.03159796630110509,2.29,83.49478787878788,2.6064954880144944
2024-12-09,TikTok Ads,Display,Branding,Haircare,Argentina,195759,7262,3413.14,75,16681.83,0.03709663412665574,0.47,45.50853333333333,4.887531715663584
2024-06-23,Meta Ads,Display,Branding,Haircare,Argentina,169849,5927,5571.38,437,105321.92,0.034895701476016935,0.9400000000000001,12.749153318077804,18.904099163941428
2024-03-01,Meta Ads,Video,Branding,Skincare,Argentina,122974,2939,5437.15,91,26004.98,0.02389936084050287,1.8499999999999999,59.748901098901094,4.782832917980928
2024-06-08,Meta Ads,Shopping,Performance,Skincare,Brazil,391083,11351,14793.16,415,35606.39,0.029024529319863046,1.303247290987578,35.64616867469879,2.406949563176495
2024-12-26,Meta Ads,Video,Branding,Makeup,Mexico,191141,4453,5477.19,72,8367.46,0.02329693786262497,1.23,76.07208333333332,1.5276921194992321
2024-09-30,Google Ads,Video,Branding,Skincare,Argentina,110977,4150,4689.5,197,18314.78,0.03739513592906638,1.13,23.804568527918782,3.9054867256637165
2024-06-05,Google Ads,Search,Performance,Haircare,Argentina,25103,710,1661.4,24,1896.75,0.028283472094968728,2.3400000000000003,69.22500000000001,1.1416576381365113
2024-03-13,Meta Ads,Search,Performance,Makeup,Brazil,140566,5046,3128.52,384,59980.19,0.03589772775777927,0.62,8.1471875,19.17206538554972
2024-09-18,TikTok Ads,Search,Performance,Skincare,Brazil,104986,6131,2207.16,219,57679.5,0.05839826262549292,0.36,10.07835616438356,26.132903822106236
2024-11-19,Google Ads,Video,Branding,Skincare,Argentina,173722,3821,5884.34,201,44895.5,0.021994911410184087,1.54,29.27532338308458,7.62965770162839
2024-01-20,Google Ads,Display,Branding,Haircare,Brazil,122322,6152,7566.96,155,10417.89,0.05029348768005755,1.23,48.81909677419355,1.3767602841828157
2024-06-09,TikTok Ads,Shopping,Performance,Haircare,Brazil,12345,456,282.72,21,5118.94,0.036938031591737544,0.6200000000000001,13.462857142857144,18.106041312959817
2024-02-20,Google Ads,Shopping,Performance,Skincare,Mexico,399647,15334,36040.22,446,88625.40000000001,0.038368860519408375,2.350346941437329,80.80766816143498,2.459069339754308
2024-04-18,Meta Ads,Shopping,Performance,Makeup,Brazil,112692,2096,4757.92,89,16587.58,0.0185993681894012,2.27,53.459775280898874,3.486309143491274
2024-08-10,TikTok Ads,Display,Branding,Skincare,Argentina,72293,4532,8202.92,169,35145.36,0.06268933368375915,1.81,48.537988165680474,4.2844938143978
2024-08-26,Google Ads,Shopping,Performance,Skincare,Argentina,162636,9237,13024.17,738,102989.98,0.056795543422120565,1.41,17.647926829268293,7.907604093005542
2024-05-26,Google Ads,Video,Branding,Haircare,Mexico,123696,6531,16849.98,466,62974.93,0.052798797050834304,2.58,36.158755364806865,3.7373890058029744
2024-04-13,TikTok Ads,Shopping,Performance,Haircare,Argentina,107476,4707,8001.9,293,72605.27,0.04379582418400387,1.7,27.31023890784983,9.073503792849198
2024-05-23,TikTok Ads,Shopping,Performance,Haircare,Argentina,30517,2575,2060,205,7811.94,0.084379198479536,0.8,10.048780487804878,3.7922038834951453
2024-08-13,TikTok Ads,Video,Branding,Haircare,Argentina,13597,747,1426.77,25,5673.88,0.05493858939471943,1.91,57.0708,3.97673065735893
2024-03-10,Google Ads,Video,Branding,Skincare,Argentina,93302,4058,3286.98,50,14861.71,0.04349317270798054,0.81,65.7396,4.521387413370327
2024-10-02,Meta Ads,Shopping,Performance,Haircare,Brazil,84526,2214,974.16,117,30360.22,0.026193124009180606,0.44,8.326153846153845,31.16553748870822
2024-07-06,Meta Ads,Display,Branding,Haircare,Brazil,194933,4054,8229.62,197,9992.76,0.02079688918756701,2.0300000000000002,41.77472081218274,1.2142431849830246
2024-02-05,TikTok Ads,Video,Branding,Skincare,Mexico,123680,8373,5023.8,263,12412.26,0.06769890038809832,0.6,19.10190114068441,2.4706915084199212
2024-05-01,TikTok Ads,Display,Branding,Skincare,Argentina,140440,11825,8041,748,31071.69,0.08419965821703218,0.68,10.75,3.8641574431040913
2024-02-01,Meta Ads,Video,Branding,Haircare,Brazil,65942,2044,2146.2,48,6784.27,0.0309969367019502,1.0499999999999998,44.7125,3.1610614108657167
2024-09-24,TikTok Ads,Video,Branding,Skincare,Brazil,130865,9461,14002.28,221,46411.13,0.07229587743094028,1.48,63.35873303167421,3.314540917621987
2024-07-17,TikTok Ads,Shopping,Performance,Makeup,Brazil,177517,13917,12664.47,671,36680.47,0.07839812524997605,0.9099999999999999,18.87402384500745,2.8963288633476174
2024-05-05,Google Ads,Video,Branding,Skincare,Brazil,190541,9527,20673.59,157,5416.71,0.04999973758928525,2.17,131.67891719745222,0.26201109725016314
2024-08-14,Google Ads,Search,Performance,Skincare,Brazil,109263,2829,2489.52,129,14321.34,0.025891655912797563,0.88,19.29860465116279,5.752651113467657
2024-08-16,TikTok Ads,Shopping,Performance,Haircare,Mexico,41113,2347,2253.12,33,2659.26,0.05708656629290006,0.96,68.27636363636363,1.1802567106945039
2024-07-04,Google Ads,Search,Performance,Haircare,Brazil,18877,545,1744,26,5981,0.028871112994649572,3.2,67.07692307692308,3.42947247706422
2024-04-14,Meta Ads,Video,Branding,Haircare,Brazil,33549,1224,930.24,89,26101.34,0.03648394885093446,0.76,10.452134831460674,28.058716030271757
2024-09-24,TikTok Ads,Shopping,Performance,Skincare,Brazil,132571,9147,9329.94,502,55471.3,0.06899699029199448,1.02,18.58553784860558,5.945515190880113
2024-09-25,Google Ads,Shopping,Performance,Haircare,Argentina,49225,2367,4355.28,137,8811.53,0.04808532249873032,1.8399999999999999,31.79036496350365,2.023183354457119
2024-03-18,Google Ads,Shopping,Performance,Skincare,Argentina,116451,3388,11485.32,188,28791.61,0.02909378193403234,3.39,61.092127659574466,2.5068182688858474
2024-02-13,Google Ads,Search,Performance,Makeup,Brazil,188276,11277,27966.96,554,89376.47,0.0598961099662198,2.48,50.48187725631769,3.195787815336383
2024-02-23,Google Ads,Video,Branding,Makeup,Mexico,189935,10161,15139.89,615,31748.86,0.053497249058888564,1.49,24.61770731707317,2.0970337300997564
2024-03-30,Meta Ads,Shopping,Performance,Makeup,Brazil,11083,193,160.19,11,912.82,0.017414057565641072,0.83,14.562727272727273,5.69835819963793
2024-08-22,TikTok Ads,Video,Branding,Makeup,Brazil,9722,455,550.55,29,3533.89,0.046801069738736885,1.21,18.98448275862069,6.418835709744801
2024-11-19,Meta Ads,Shopping,Performance,Haircare,Mexico,19588,434,768.18,5,560.03,0.02215642229936696,1.7699999999999998,153.636,0.7290348616209743
2024-03-12,Google Ads,Shopping,Performance,Skincare,Argentina,155033,5782,12546.94,248,71470.23,0.037295285519857065,2.17,50.5925,5.696227924896428
2024-04-17,Google Ads,Video,Branding,Haircare,Mexico,105804,3110,3016.7,200,49067.29,0.0293939737628067,0.97,15.083499999999999,16.26522027380913
2024-04-30,Google Ads,Display,Branding,Skincare,Argentina,114599,2028,4928.04,29,5366.72,0.01769648949816316,2.43,169.93241379310345,1.0890171346011803
2024-01-30,TikTok Ads,Video,Branding,Skincare,Argentina,48147,3562,1496.04,163,41382.29,0.07398176418053046,0.42,9.178159509202453,27.661218951364937
2024-11-21,Google Ads,Shopping,Performance,Makeup,Argentina,78551,2411,8149.18,92,8262.09,0.03069343483851256,3.3800000000000003,88.57804347826087,1.0138553817684723
2024-10-22,Meta Ads,Display,Branding,Skincare,Brazil,193946,7854,14844.06,461,86871.54,0.0404958081115362,1.89,32.19969631236442,5.852276264040969
2024-07-27,Meta Ads,Display,Branding,Skincare,Mexico,51365,873,611.1,19,2655.69,0.016996008955514456,0.7000000000000001,32.16315789473684,4.345753559155621
2024-07-06,TikTok Ads,Search,Performance,Haircare,Brazil,70195,4239,6019.38,234,38776.78,0.06038891658950068,1.42,25.723846153846154,6.44198904206081
2024-06-02,Google Ads,Search,Performance,Skincare,Brazil,162786,7406,10738.7,513,67523.57,0.04549531286474267,1.4500000000000002,20.933138401559457,6.287871902558038
2024-10-11,Meta Ads,Display,Branding,Skincare,Brazil,198979,2089,3551.3,66,7694.86,0.010498595329155338,1.7000000000000002,53.80757575757576,2.16677273111255
2024-03-04,Google Ads,Video,Branding,Makeup,Brazil,99410,4195,3481.85,196,56004.19,0.04219897394628307,0.83,17.76454081632653,16.08460732082083
2024-01-12,Meta Ads,Video,Branding,Skincare,Argentina,176250,6204,4032.6,312,84311.3,0.0352,0.65,12.924999999999999,20.907429449982644
2024-10-27,TikTok Ads,Display,Branding,Makeup,Argentina,72963,5618,2696.64,412,16464.01,0.07699793045790332,0.48,6.545242718446602,6.105379286816186
2024-01-05,Google Ads,Video,Branding,Skincare,Argentina,135223,3285,9920.7,201,46154.22,0.02429320455839613,3.02,49.35671641791045,4.652314856814539
2024-07-13,Meta Ads,Display,Branding,Skincare,Argentina,140793,2886,4386.72,141,12104.44,0.020498178176471843,1.52,31.11148936170213,2.7593372724951672
2024-06-09,Google Ads,Search,Performance,Haircare,Mexico,107548,4258,13625.6,145,17656.92,0.039591624205006136,3.2,93.9696551724138,1.2958636683889149
2024-11-17,Google Ads,Search,Performance,Haircare,Mexico,115282,4876,18333.76,77,2427.15,0.042296282160267866,3.76,238.1007792207792,0.13238691899533978
2024-02-27,Google Ads,Display,Branding,Haircare,Brazil,45880,2817,3211.38,62,2770.83,0.06139930252833479,1.1400000000000001,51.796451612903226,0.8628159856510285
2024-07-04,TikTok Ads,Video,Branding,Haircare,Argentina,21689,895,850.25,22,4747.38,0.041265157453086815,0.95,38.64772727272727,5.583510732137607
2024-06-26,Meta Ads,Video,Branding,Skincare,Brazil,157955,2780,1723.6,202,49191.36,0.01759994935266373,0.62,8.532673267326732,28.53989324669297
2024-09-27,Google Ads,Video,Branding,Skincare,Argentina,28958,1355,3888.85,49,13909.3,0.0467919055183369,2.87,79.36428571428571,3.5767129099862425
2024-03-11,Google Ads,Video,Branding,Skincare,Brazil,212629,8842,21310.23,289,29515.16,0.04158416772876701,2.410114227550328,73.73782006920415,1.3850230616938437
2024-02-12,TikTok Ads,Display,Branding,Haircare,Brazil,74285,2094,1319.22,92,18972.8,0.028188732583967153,0.63,14.339347826086957,14.381831688421945
2024-07-19,Google Ads,Shopping,Performance,Makeup,Argentina,52547,2806,6032.9,47,13262.4,0.053399813500294976,2.15,128.3595744680851,2.19834573753916
2024-04-12,Meta Ads,Shopping,Performance,Makeup,Mexico,132343,3507,3997.98,238,17184.94,0.02649932372698216,1.14,16.798235294117646,4.298405694875912
2024-04-09,Google Ads,Video,Branding,Skincare,Brazil,196510,10316,20632,282,66245.27,0.052496056180347056,2,73.16312056737588,3.2108021519968983
2024-10-25,Google Ads,Video,Branding,Haircare,Brazil,218301,7254,17651.52,328,36437.8,0.03322934846839914,2.433349875930521,53.815609756097565,2.064286814959845
2024-04-11,TikTok Ads,Video,Branding,Makeup,Brazil,38799,1303,429.99,51,4095.81,0.03358333977679837,0.33,8.431176470588236,9.525361054908254
2024-02-01,TikTok Ads,Shopping,Performance,Skincare,Argentina,95288,7108,3625.08,454,132401.61,0.07459491226597263,0.51,7.9847577092511015,36.52377602701181
2024-09-24,Meta Ads,Display,Branding,Skincare,Mexico,177027,6160,7576.8,220,59390.91,0.03479695187739723,1.23,34.44,7.838521539436174
2024-01-22,Meta Ads,Display,Branding,Haircare,Brazil,197882,5144,4166.64,299,68061.76,0.025995290122396174,0.81,13.935250836120403,16.334926943532437
2024-02-02,Google Ads,Display,Branding,Makeup,Brazil,65530,2018,5670.58,117,12114.63,0.030795055699679535,2.81,48.46649572649572,2.1364005092953455
2024-01-05,TikTok Ads,Video,Branding,Haircare,Argentina,52059,2956,1684.92,29,5633.14,0.056781728423519466,0.5700000000000001,58.10068965517242,3.3432685231346295
2024-11-09,Google Ads,Shopping,Performance,Skincare,Brazil,30852,684,1087.56,11,2813.84,0.022170361726954493,1.5899999999999999,98.8690909090909,2.5872963330758765
2024-02-16,Meta Ads,Shopping,Performance,Skincare,Brazil,178553,7213,16445.64,556,50559.85,0.04039696896719742,2.28,29.578489208633094,3.0743619585495
2024-09-09,Google Ads,Video,Branding,Makeup,Mexico,103348,1891,2912.14,30,1064.02,0.018297402949258815,1.54,97.07133333333333,0.3653739174627594
2024-04-04,TikTok Ads,Search,Performance,Skincare,Brazil,57448,2338,1169,143,25654.56,0.040697674418604654,0.5,8.174825174825175,21.94573139435415
2024-01-06,Google Ads,Video,Branding,Makeup,Mexico,139158,3061,3887.47,118,15835.46,0.021996579427700887,1.27,32.94466101694915,4.07346166015429
2024-03-20,Meta Ads,Shopping,Performance,Skincare,Mexico,14705,363,341.22,4,738.37,0.02468548112886773,0.9400000000000001,85.305,2.1639118457300275
2024-11-03,Google Ads,Search,Performance,Haircare,Mexico,13614,744,2209.68,54,11111.12,0.054649625385632436,2.9699999999999998,40.919999999999995,5.028384200427212
2024-06-17,Google Ads,Video,Branding,Skincare,Argentina,127475,7342,17180.28,574,74747.49,0.05759560698176113,2.34,29.93080139372822,4.350772513602806
2024-07-23,Google Ads,Display,Branding,Makeup,Argentina,73683,3757,12473.24,131,33721.52,0.05098869481427195,3.32,95.21557251908396,2.7035092726508907
2024-12-11,TikTok Ads,Video,Branding,Skincare,Brazil,116045,6660,2331,467,76092.65,0.057391529148175274,0.35,4.991434689507495,32.64377949377949
2024-06-27,Meta Ads,Search,Performance,Haircare,Brazil,49456,801,1489.86,50,4108.2,0.016196214817211257,1.8599999999999999,29.797199999999997,2.757440296403689
2024-10-31,TikTok Ads,Display,Branding,Haircare,Brazil,85066,5903,7673.9,465,85397.14,0.06939317706251616,1.3,16.503010752688173,11.128258121685192
2024-04-09,Meta Ads,Shopping,Performance,Skincare,Brazil,69102,1354,2179.94,89,14410.72,0.019594223032618447,1.61,24.49370786516854,6.610603961576924
2024-07-12,Google Ads,Search,Performance,Skincare,Argentina,146677,7597,10787.74,186,35941.14,0.05179407814449437,1.42,57.998602150537636,3.3316653905266533
2024-07-30,Google Ads,Display,Branding,Haircare,Mexico,50411,1320,3537.6,49,12873.07,0.026184761262422883,2.6799999999999997,72.19591836734693,3.6389275214834917
2024-02-04,Meta Ads,Shopping,Performance,Makeup,Brazil,82665,2521,1613.44,182,48413.75,0.030496582592390974,0.64,8.865054945054945,30.006538823879414
2024-02-07,Google Ads,Display,Branding,Makeup,Brazil,96931,5844,6545.28,297,47765.4,0.06029030960167542,1.1199999999999999,22.037979797979798,7.297686271633911
2024-12-08,TikTok Ads,Shopping,Performance,Haircare,Argentina,175330,8766,6399.18,302,35245.68,0.049997148234757316,0.73,21.18933774834437,5.507843192409028
2024-05-11,Google Ads,Search,Performance,Skincare,Mexico,89833,4536,16964.64,166,42497.44,0.05049369385415159,3.7399999999999998,102.19662650602409,2.5050599364324855
2024-01-09,Google Ads,Search,Performance,Skincare,Argentina,53544,1670,2354.7,20,4659.21,0.03118930225608845,1.41,117.73499999999999,1.9786851828258378
2024-08-20,TikTok Ads,Shopping,Performance,Skincare,Mexico,186136,13885,13190.75,891,133397.7,0.07459599432672884,0.95,14.804433221099888,10.112973106153934
2024-12-23,Google Ads,Search,Performance,Haircare,Brazil,180627,8074,12756.92,266,72041.28,0.04469985107431337,1.58,47.95834586466165,5.647231463393985
2024-04-16,Google Ads,Search,Performance,Skincare,Brazil,187831,7306,10009.22,321,91963.37,0.03889666774920008,1.3699999999999999,31.1813707165109,9.1878657877437
2024-12-02,Google Ads,Video,Branding,Makeup,Brazil,110109,2378,7585.82,41,6931.99,0.021596781371186733,3.19,185.01999999999998,0.9138089224368625
2024-10-24,Google Ads,Display,Branding,Haircare,Brazil,164457,8321,14644.96,610,27104.12,0.05059681254066412,1.7599999999999998,24.008131147540983,1.850747287804132
2024-09-02,Google Ads,Display,Branding,Haircare,Mexico,23904,609,1010.94,35,7211.31,0.02547690763052209,1.6600000000000001,28.884,7.133272004273251
2024-03-12,Google Ads,Video,Branding,Skincare,Argentina,112399,3585,11149.35,91,20140.14,0.03189530155962242,3.1100000000000003,122.52032967032967,1.8063958885495566
2024-02-28,Meta Ads,Video,Branding,Skincare,Brazil,56209,1405,3357.95,94,20195.05,0.024995997082317777,2.3899999999999997,35.72287234042553,6.014100865111154
2024-09-05,Google Ads,Search,Performance,Makeup,Argentina,90953,4365,13269.6,73,19836.75,0.04799181995096369,3.04,181.77534246575343,1.4949018809911376
2024-03-25,Google Ads,Video,Branding,Makeup,Brazil,146428,2796,6263.04,164,33829.22,0.019094708662277707,2.2399999999999998,38.189268292682925,5.401405707132639
2024-05-31,Google Ads,Display,Branding,Haircare,Mexico,177220,4607,10688.24,114,9297.03,0.0259959372531317,2.32,93.75649122807017,0.8698373165273235
2024-09-03,TikTok Ads,Video,Branding,Skincare,Brazil,218529,11279,15882.23,768,76558.20999999999,0.05161328702369022,1.408123947158436,20.679986979166667,4.820369053967862
2024-07-25,Meta Ads,Shopping,Performance,Makeup,Argentina,186775,2409,1662.21,107,10079.71,0.012897871770847277,0.6900000000000001,15.534672897196263,6.064041246292586
2024-06-18,Meta Ads,Video,Branding,Skincare,Brazil,54864,1876,2851.52,121,23640.39,0.034193642461358996,1.52,23.566280991735535,8.290452109751993
2024-05-17,Google Ads,Search,Performance,Haircare,Brazil,159251,9172,26048.48,407,30602.6,0.05759461479048797,2.84,64.00117936117935,1.1748324662321947
2024-07-10,Google Ads,Shopping,Performance,Skincare,Brazil,73734,1990,1631.8,143,16954.02,0.026988906067757074,0.82,11.411188811188811,10.389765902684154
2024-09-17,Google Ads,Video,Branding,Skincare,Brazil,162743,8723,15439.71,106,20056.78,0.05359984761249332,1.7699999999999998,145.65764150943394,1.2990386477466223
2024-11-24,Google Ads,Display,Branding,Skincare,Mexico,87373,3643,3825.15,289,35842.03,0.04169480274226592,1.05,13.235813148788928,9.370097904657333
2024-04-14,Meta Ads,Search,Performance,Makeup,Argentina,133260,2611,5430.88,108,16755.51,0.01959327630196608,2.08,50.28592592592593,3.085229281442418
2024-02-02,Google Ads,Video,Branding,Skincare,Mexico,44420,1066,3880.24,44,2655.91,0.023998199009455202,3.6399999999999997,88.18727272727273,0.6844705482135126
2024-03-03,Meta Ads,Display,Branding,Haircare,Mexico,160478,4413,4501.26,82,13362.88,0.027499096449357545,1.02,54.893414634146346,2.9686976535458958
2024-04-12,TikTok Ads,Shopping,Performance,Skincare,Brazil,152322,13678,5607.98,813,103237.84,0.08979661506545344,0.41,6.897884378843788,18.40909561018406
2024-12-13,Google Ads,Video,Branding,Skincare,Argentina,126404,2073,1907.16,24,3807.61,0.01639979747476346,0.92,79.465,1.9964816795654272
2024-06-01,Google Ads,Shopping,Performance,Skincare,Brazil,154088,9106,29503.44,294,42565.78,0.05909610092933908,3.2399999999999998,100.35183673469388,1.44273955850572
2024-10-22,Google Ads,Search,Performance,Skincare,Brazil,180634,7821,17284.41,581,136556.31,0.043297496595325356,2.21,29.749414802065406,7.90054795043626
2024-02-03,Meta Ads,Display,Branding,Haircare,Argentina,76095,2031,3026.19,135,33172.87,0.026690321308890205,1.49,22.416222222222224,10.961925721782176
2024-05-23,TikTok Ads,Shopping,Performance,Haircare,Mexico,91900,4696,2488.88,367,109696.83,0.051099020674646355,0.53,6.781689373297003,44.07477660634502
2024-05-24,TikTok Ads,Shopping,Performance,Skincare,Argentina,174160,9683,17816.72,512,73177.92,0.05559830041341295,1.84,34.79828125,4.107261044681625
2024-01-05,TikTok Ads,Display,Branding,Skincare,Brazil,6015,410,791.3,28,4383.32,0.06816292601828762,1.93,28.260714285714283,5.539390875774043
2024-05-17,Google Ads,Display,Branding,Skincare,Brazil,138291,3318,2753.94,217,12761.51,0.02399288456949476,0.8300000000000001,12.690967741935484,4.633909961727562
2024-12-28,TikTok Ads,Display,Branding,Skincare,Argentina,138515,4377,2232.27,285,10321.59,0.03159946576183085,0.51,7.832526315789473,4.623808947842331
2024-05-13,Google Ads,Video,Branding,Makeup,Argentina,34402,1314,4323.06,17,1273.24,0.0381954537526888,3.2900000000000005,254.29764705882354,0.2945228611215204
2024-08-16,Meta Ads,Video,Branding,Skincare,Mexico,91123,1567,3651.11,64,5119.1,0.017196536549499028,2.33,57.04859375,1.402066768736083
2024-09-28,Meta Ads,Search,Performance,Haircare,Brazil,90431,1853,3150.1,57,14834.93,0.020490760911634286,1.7,55.26491228070175,4.709352084060824
2024-04-11,Google Ads,Search,Performance,Skincare,Brazil,68449,3285,7818.3,243,60681.21,0.04799193560168885,2.38,32.17407407407408,7.7614327922949995
2024-12-15,Google Ads,Search,Performance,Haircare,Mexico,176790,4490,6690.1,250,74442.63,0.025397364104304543,1.49,26.7604,11.127282103406527
2024-07-19,Google Ads,Display,Branding,Skincare,Argentina,110848,3181,7793.45,186,32321.78,0.02869695438799076,2.4499999999999997,41.9002688172043,4.147300617826508
2024-06-24,Google Ads,Shopping,Performance,Haircare,Mexico,96575,4925,11820,181,7335.74,0.0509966347398395,2.4,65.30386740331491,0.6206209813874788
2024-05-05,Meta Ads,Search,Performance,Haircare,Mexico,76155,3548,4435,243,30659.34,0.04658919309303394,1.25,18.25102880658436,6.913041713641488
2024-11-22,TikTok Ads,Shopping,Performance,Skincare,Brazil,146958,7494,12589.92,538,117826.98,0.050994161597191036,1.68,23.401338289962826,9.358834686797056
2024-03-14,TikTok Ads,Search,Performance,Haircare,Brazil,154092,8860,10366.2,246,23706.53,0.05749811800742414,1.1700000000000002,42.139024390243904,2.286906484536281
2024-07-24,TikTok Ads,Search,Performance,Haircare,Argentina,132426,7309,2338.88,171,24136.13,0.05519308897044387,0.32,13.67766081871345,10.319524729785197
2024-03-09,Google Ads,Shopping,Performance,Makeup,Brazil,10039,501,1147.29,36,4805.52,0.04990536906066341,2.29,31.869166666666665,4.188583531626703
2024-06-25,TikTok Ads,Search,Performance,Haircare,Argentina,86257,4597,3815.51,301,80903.28,0.053294225396199726,0.8300000000000001,12.676112956810632,21.203791891516467
2024-11-15,TikTok Ads,Shopping,Performance,Makeup,Brazil,98500,5614,3424.54,220,7676.57,0.05699492385786802,0.61,15.566090909090908,2.2416353729259986
2024-02-19,Google Ads,Display,Branding,Skincare,Brazil,37101,2166,6389.7,45,3868.37,0.05838117570954961,2.9499999999999997,141.99333333333334,0.6054071396153184
2024-06-23,Google Ads,Display,Branding,Skincare,Brazil,118710,4036,10009.28,235,28657.57,0.03399882065537865,2.48,42.59268085106383,2.8631000431599474
2024-03-28,Meta Ads,Video,Branding,Skincare,Brazil,103162,1485,1440.45,35,5899.5,0.014394835307574495,0.9700000000000001,41.15571428571429,4.095595126522961
2024-01-16,Meta Ads,Video,Branding,Skincare,Brazil,143421,3542,3046.12,181,26273.04,0.024696522824412044,0.86,16.82939226519337,8.625083713051358
2024-02-17,Meta Ads,Video,Branding,Makeup,Mexico,150631,5648,10957.12,111,21671.9,0.037495601834947656,1.9400000000000002,98.7127927927928,1.9778828743319412
2024-04-17,TikTok Ads,Shopping,Performance,Haircare,Argentina,225682,15720,10227.9,666,124315.61,0.06965553300661993,0.6506297709923664,15.357207207207207,12.154558609294186
2024-07-16,Meta Ads,Search,Performance,Haircare,Mexico,167002,3406,6232.98,76,10328.31,0.02039496532975653,1.8299999999999998,82.0128947368421,1.6570420569294302
2024-07-16,Google Ads,Shopping,Performance,Haircare,Brazil,163272,5551,12378.73,135,38753.89,0.033998481062276445,2.23,91.69429629629629,3.130683842365089
2024-08-08,Meta Ads,Search,Performance,Makeup,Argentina,8626,242,273.46,18,3013.54,0.028054718293531185,1.13,15.19222222222222,11.020039493893075
2024-04-26,Meta Ads,Search,Performance,Skincare,Brazil,165371,2993,4519.43,32,8918.68,0.018098699288266986,1.51,141.2321875,1.9734081510278951
2024-09-15,TikTok Ads,Display,Branding,Skincare,Argentina,105400,7704,8551.44,442,49251.38,0.07309297912713472,1.11,19.34714932126697,5.75942531316363
2024-12-14,Google Ads,Display,Branding,Haircare,Argentina,195545,8799,26221.02,444,122723.09,0.04499731519599069,2.98,59.05635135135135,4.680332420325373
2024-06-13,Google Ads,Video,Branding,Skincare,Brazil,105814,6126,17091.54,289,45447.24,0.05789404048613605,2.79,59.140276816609,2.659048862770704
2024-05-02,Google Ads,Video,Branding,Haircare,Brazil,117333,2898,11389.14,48,5367.73,0.024698933803789215,3.9299999999999997,237.27374999999998,0.4713024864037144
2024-06-24,Google Ads,Video,Branding,Makeup,Argentina,117223,7935,16028.7,166,47449.87,0.06769149399008727,2.02,96.55843373493977,2.960306824633314
2024-02-27,Google Ads,Video,Branding,Skincare,Brazil,104794,5920,21667.2,359,21837.83,0.056491783880756534,3.66,60.35431754874652,1.007875036922168
2024-06-25,TikTok Ads,Search,Performance,Skincare,Mexico,20185,878,535.58,27,7476.28,0.04349764676740154,0.6100000000000001,19.836296296296297,13.959221778259082
2024-10-14,Meta Ads,Search,Performance,Makeup,Mexico,125725,1646,1333.26,19,2319.58,0.013092066017100815,0.8099999999999999,70.17157894736842,1.7397806879378366
2024-11-19,TikTok Ads,Shopping,Performance,Haircare,Brazil,47623,1695,3135.75,36,9884.86,0.03559204586019361,1.85,87.10416666666667,3.1523112493024
2024-11-13,TikTok Ads,Shopping,Performance,Skincare,Brazil,113886,4965,6653.1,141,24007.44,0.04359622780675412,1.34,47.185106382978724,3.60845921450151
2024-10-04,Meta Ads,Shopping,Performance,Skincare,Mexico,5528,108,218.16,7,2000.84,0.019536903039073805,2.02,31.165714285714284,9.171433810047672
2024-03-01,TikTok Ads,Display,Branding,Skincare,Argentina,61232,2951,2213.25,51,15061.62,0.048193754899399005,0.75,43.39705882352941,6.805205015249069
2024-02-04,Google Ads,Search,Performance,Skincare,Brazil,137290,5011,7817.16,323,28440.57,0.03649938087260543,1.56,24.20173374613003,3.6382228328446646
2024-10-26,Google Ads,Display,Branding,Haircare,Argentina,180365,6114,21154.44,400,111623.05,0.033897929199123995,3.46,52.8861,5.276577872068464
2024-08-31,Meta Ads,Search,Performance,Haircare,Mexico,125155,5256,5623.92,247,26802.91,0.04199592505293436,1.07,22.768906882591093,4.765876826128395
2024-12-10,Meta Ads,Video,Branding,Skincare,Mexico,8512,251,160.64,11,1671.09,0.02948778195488722,0.6399999999999999,14.603636363636362,10.402701693227092
2024-02-16,Google Ads,Shopping,Performance,Skincare,Brazil,50206,2399,4845.98,163,5571.38,0.04778313349002111,2.02,29.729938650306746,1.1496910841563523
2024-05-23,Meta Ads,Shopping,Performance,Haircare,Mexico,130611,2207,1611.11,44,9567.41,0.016897504804342666,0.73,36.616136363636365,5.938396509238972
2024-12-17,TikTok Ads,Search,Performance,Skincare,Brazil,109222,7306,7963.54,124,12349.14,0.06689128563842449,1.09,64.22209677419355,1.5507098601878058
2024-06-01,Google Ads,Shopping,Performance,Haircare,Argentina,18149,918,1487.16,14,3557.93,0.050581299245137476,1.62,106.22571428571429,2.392432556012803
2024-06-03,TikTok Ads,Shopping,Performance,Skincare,Argentina,80885,3995,1757.8,79,10692.34,0.049391110836372626,0.44,22.250632911392405,6.0827966776652636
2024-01-21,TikTok Ads,Search,Performance,Haircare,Mexico,160522,5425,6021.75,398,79057.93,0.033795990580730365,1.11,15.13002512562814,13.128730020342923
2024-04-21,Google Ads,Video,Branding,Haircare,Brazil,193405,7852,7537.92,459,79715.61,0.04059874356919418,0.96,16.42248366013072,10.575279387417218
2024-11-20,TikTok Ads,Shopping,Performance,Skincare,Mexico,18181,1179,754.56,24,4581.7,0.06484791815631703,0.6399999999999999,31.439999999999998,6.072015479219678
2024-12-06,Meta Ads,Shopping,Performance,Skincare,Brazil,16093,466,386.78,28,5468.73,0.028956689243770584,0.83,13.813571428571427,14.13912301566782
2024-01-29,Google Ads,Display,Branding,Haircare,Brazil,168471,6014,5833.58,117,25231.33,0.03569753844875379,0.97,49.85965811965812,4.325187963480402
2024-06-21,TikTok Ads,Search,Performance,Skincare,Brazil,186434,8743,14425.95,87,21530.58,0.0468959524550243,1.6500000000000001,165.81551724137933,1.4924895760764456
2024-06-11,Meta Ads,Video,Branding,Makeup,Argentina,102229,2146,1309.06,52,14121.79,0.020992086394271685,0.61,25.174230769230768,10.787733182589035
2024-05-06,Meta Ads,Shopping,Performance,Skincare,Mexico,10177,413,764.05,16,4058.36,0.04058170384199666,1.8499999999999999,47.753125,5.311641908252078
2024-06-29,Meta Ads,Shopping,Performance,Skincare,Brazil,147412,3670,4293.9,162,38717.46,0.02489620926383198,1.17,26.505555555555553,9.0168518130371
2024-07-09,Google Ads,Search,Performance,Haircare,Mexico,18601,706,1412,54,3302.39,0.03795494865867426,2,26.14814814814815,2.3388031161473086
2024-06-28,Google Ads,Search,Performance,Haircare,Brazil,83488,4049,4656.35,45,2103,0.04849798773476428,1.1500000000000001,103.47444444444446,0.45164130703233213
2024-07-20,TikTok Ads,Shopping,Performance,Haircare,Brazil,148573,8706,15409.62,643,163989.09,0.05859745714228023,1.77,23.96519440124417,10.641994416474903
2024-09-18,TikTok Ads,Search,Performance,Skincare,Mexico,89403,5578,8255.44,414,80503.15,0.06239164233862398,1.48,19.940676328502416,9.751527477638986
2024-12-11,Meta Ads,Search,Performance,Haircare,Brazil,198775,3637,7237.63,235,18520.23,0.018297069550999873,1.99,30.798425531914894,2.558880462250764
2024-11-28,Meta Ads,Search,Performance,Skincare,Argentina,172816,3819,8172.66,193,41926.28,0.022098648273308028,2.14,42.34538860103627,5.130065364275524
2024-09-12,Google Ads,Search,Performance,Makeup,Argentina,31049,1021,3379.51,31,7117.65,0.032883506715192114,3.31,109.01645161290324,2.1061189344017324
2024-06-27,Meta Ads,Shopping,Performance,Skincare,Brazil,198899,2923,5758.31,95,3750,0.014695900934645222,1.9700000000000002,60.613789473684214,0.6512327401616099
2024-10-24,TikTok Ads,Search,Performance,Skincare,Brazil,34076,1363,1553.82,16,2219.67,0.03999882615330438,1.14,97.11375,1.4285245395219524
2024-08-17,TikTok Ads,Search,Performance,Haircare,Argentina,166446,7822,8995.3,218,21100.54,0.04699422034774041,1.15,41.262844036697246,2.3457294364834973
2024-10-18,Meta Ads,Video,Branding,Haircare,Argentina,66265,1881,3837.24,76,2782.02,0.028386025805478006,2.04,50.489999999999995,0.7250054726834912
2024-02-04,Google Ads,Search,Performance,Haircare,Brazil,167198,5132,11854.92,120,19874.34,0.03069414705917535,2.31,98.791,1.6764634430261867
2024-02-21,Google Ads,Search,Performance,Skincare,Brazil,195067,9129,8672.55,128,24006.78,0.046799304854229576,0.95,67.754296875,2.7681339398446823
2024-01-30,Google Ads,Display,Branding,Haircare,Brazil,44435,1453,3894.04,48,6345.04,0.03269944863283448,2.68,81.12583333333333,1.6294234265698349
2024-09-03,Meta Ads,Search,Performance,Makeup,Mexico,19959,586,1166.14,17,4432.12,0.029360188386191692,1.9900000000000002,68.5964705882353,3.8006757336168895
2024-08-28,Google Ads,Display,Branding,Haircare,Mexico,15796,301,574.91,17,1137.71,0.0190554570777412,1.91,33.81823529411764,1.9789358334347986
2024-12-08,Meta Ads,Shopping,Performance,Makeup,Argentina,126432,1567,2585.55,110,31358.68,0.01239401417362693,1.6500000000000001,23.505000000000003,12.128436889636633
2024-12-29,Google Ads,Search,Performance,Skincare,Brazil,137737,3925,3532.5,78,11545.1,0.028496337222387595,0.9,45.28846153846154,3.26825194621373
2024-09-14,Google Ads,Search,Performance,Makeup,Mexico,157963,5607,4934.16,205,50937.22,0.035495654045567634,0.88,24.069073170731706,10.3233822981014
2024-01-16,TikTok Ads,Shopping,Performance,Skincare,Brazil,88940,4384,1402.88,66,10447.12,0.049291657297054196,0.32,21.255757575757578,7.446909215328467
2024-04-06,Meta Ads,Video,Branding,Skincare,Brazil,95930,1554,1118.88,62,5774.95,0.016199311998332116,0.7200000000000001,18.046451612903226,5.161366723866723
2024-06-28,Google Ads,Video,Branding,Haircare,Brazil,134814,2804,5355.64,195,46646.16,0.02079902680730488,1.9100000000000001,27.464820512820513,8.709726568626719
2024-03-07,Meta Ads,Display,Branding,Skincare,Argentina,161764,2652,2625.48,76,16956.51,0.01639425335674192,0.99,34.54578947368421,6.458441884912473
2024-06-06,Meta Ads,Shopping,Performance,Makeup,Mexico,61395,2038,4809.68,102,16290.15,0.033194885577001385,2.3600000000000003,47.15372549019608,3.3869508990203085
2024-02-17,Google Ads,Video,Branding,Skincare,Mexico,150213,5242,16512.3,332,64497.69,0.03489711276653818,3.15,49.73584337349397,3.9060391344634002
2024-06-13,Meta Ads,Video,Branding,Makeup,Argentina,61284,1574,2392.48,32,3680.82,0.02568370210821748,1.52,74.765,1.5384956196081054
2024-09-17,Meta Ads,Search,Performance,Haircare,Argentina,15485,196,301.84,8,362.78,0.012657410397158541,1.5399999999999998,37.73,1.2018950437317784
2024-05-29,TikTok Ads,Video,Branding,Skincare,Brazil,76922,2669,3523.08,110,12940.72,0.03469748576480071,1.32,32.028,3.673126923033255
2024-11-08,Google Ads,Display,Branding,Haircare,Brazil,199164,6671,21280.49,118,27461.46,0.03349500913819767,3.1900000000000004,180.34313559322035,1.290452428492013
2024-02-06,Meta Ads,Display,Branding,Haircare,Mexico,58164,936,823.68,13,1791.65,0.016092428306168763,0.8799999999999999,63.36,2.1751772533022535
2024-08-01,TikTok Ads,Shopping,Performance,Skincare,Mexico,164852,6445,10569.8,471,43233.91,0.03909567369519326,1.64,22.441188959660295,4.090324320233117
2024-07-06,Meta Ads,Shopping,Performance,Makeup,Mexico,80888,2070,1531.8,71,19601.22,0.02559094055978637,0.74,21.574647887323945,12.796200548374463
2024-03-21,Meta Ads,Shopping,Performance,Haircare,Brazil,160091,4210,4504.7,322,62914.38,0.0262975432722639,1.07,13.989751552795031,13.966386218838103
2024-08-12,Google Ads,Video,Branding,Makeup,Brazil,116789,6586,17716.34,220,34309.56,0.05639229721977241,2.69,80.52881818181818,1.936605416242858
2024-11-09,Google Ads,Video,Branding,Makeup,Brazil,27612,963,3177.9,75,12575.02,0.0348761408083442,3.3000000000000003,42.372,3.9570219327228675
2024-06-28,Google Ads,Search,Performance,Skincare,Mexico,196883,10119,14976.12,636,121588.49,0.05139600676543937,1.48,23.54735849056604,8.118824501940422
2024-03-18,Google Ads,Video,Branding,Makeup,Argentina,74098,1911,5446.35,91,9234.96,0.025790169775162623,2.85,59.85,1.6956236745710427
2024-04-03,Meta Ads,Video,Branding,Skincare,Brazil,172517,3191,5775.71,96,13225.69,0.01849672785870378,1.81,60.163645833333334,2.2898812440375296
2024-01-18,Meta Ads,Video,Branding,Skincare,Mexico,156990,3894,6466.8,100,8935.869999999999,0.024804127651442767,1.6607087827426812,64.668,1.3818070761427597
2024-08-24,TikTok Ads,Video,Branding,Skincare,Brazil,138332,9558,3345.3,195,26087.06,0.06909464187606627,0.35000000000000003,17.155384615384616,7.798122739365677
2024-06-20,Meta Ads,Display,Branding,Haircare,Argentina,132208,3133,4918.81,183,53669.78,0.023697506958731695,1.57,26.87874316939891,10.911130944273106
2024-08-06,Google Ads,Shopping,Performance,Makeup,Argentina,146788,6003,14527.26,476,104420.05,0.040895713546066435,2.42,30.519453781512606,7.187869563840669
2024-07-24,Google Ads,Video,Branding,Makeup,Mexico,146656,5719,10008.25,357,62250.35,0.03899601789221034,1.75,28.034313725490197,6.219903579546874
2024-10-24,Meta Ads,Display,Branding,Haircare,Brazil,171353,5534,10293.24,221,52725.19,0.03229590377758195,1.8599999999999999,46.57574660633484,5.12231231371269
2024-12-18,Google Ads,Video,Branding,Haircare,Argentina,184982,4772,14697.76,141,26098.46,0.02579710458314863,3.08,104.23943262411348,1.7756760213801286
2024-12-23,TikTok Ads,Display,Branding,Makeup,Argentina,180552,6030,10251,383,23539.41,0.03339758075235943,1.7,26.765013054830288,2.29630377524144
2024-07-03,TikTok Ads,Display,Branding,Haircare,Brazil,163328,4981,6027.01,142,21158.33,0.030496914184952977,1.21,42.4437323943662,3.5105848505311923
2024-11-13,TikTok Ads,Video,Branding,Skincare,Argentina,195722,12624,25374.24,755,129016.77,0.06449964745915125,2.0100000000000002,33.608264900662256,5.08455701530371
2024-01-22,Google Ads,Shopping,Performance,Skincare,Argentina,153953,5095,14571.7,110,30634.7,0.03309451585873611,2.8600000000000003,132.47,2.102342211272535
2024-06-03,Google Ads,Video,Branding,Skincare,Mexico,113502,2235,2704.35,34,6126.9,0.01969128297298726,1.21,79.53970588235293,2.2655721337844583
2024-06-28,Google Ads,Search,Performance,Makeup,Brazil,78532,4735,13352.7,310,45765.16,0.06029389293536393,2.8200000000000003,43.07322580645162,3.4274086888794026
2024-07-23,Google Ads,Video,Branding,Skincare,Brazil,28667,1338,3880.2,24,3421.56,0.046673875885164126,2.9,161.67499999999998,0.8817999072212773
2024-06-04,Meta Ads,Search,Performance,Makeup,Argentina,16920,389,478.47,15,3222.58,0.022990543735224585,1.23,31.898000000000003,6.735176709093569
2024-12-16,TikTok Ads,Video,Branding,Skincare,Brazil,27584,1561,1467.34,93,19425.98,0.05659077726218097,0.94,15.777849462365591,13.238908501097225
2024-10-20,TikTok Ads,Shopping,Performance,Makeup,Mexico,143667,6852,7742.76,142,19589.64,0.04769362484077763,1.1300000000000001,54.52647887323944,2.530059048711312
2024-10-15,Meta Ads,Search,Performance,Skincare,Mexico,30392,1325,1735.75,101,3539.63,0.0435969992103185,1.31,17.185643564356436,2.039251044217197
2024-06-24,Meta Ads,Video,Branding,Haircare,Argentina,93003,1283,2258.08,49,1614.11,0.013795253916540327,1.76,46.08326530612245,0.714815241266917
2024-03-12,Meta Ads,Shopping,Performance,Haircare,Mexico,199650,4152,3238.56,165,10558.75,0.020796393688955674,0.78,19.627636363636363,3.2603224890074602
2024-04-15,Google Ads,Video,Branding,Skincare,Mexico,99447,5917,6212.85,195,28481.71,0.05949902963387533,1.05,31.860769230769233,4.584322814811237
2024-04-01,TikTok Ads,Shopping,Performance,Makeup,Argentina,41200,1763,3138.14,101,27614.2,0.04279126213592233,1.78,31.07069306930693,8.799543678739637
2024-03-29,Google Ads,Shopping,Performance,Skincare,Argentina,165805,9832,27136.32,509,143237.84,0.059298573625644585,2.76,53.313005893909626,5.278454853126732
2024-08-15,Meta Ads,Video,Branding,Skincare,Brazil,37588,1191,2334.36,48,13381.03,0.03168564435458125,1.9600000000000002,48.6325,5.732204972669169
2024-04-01,Meta Ads,Video,Branding,Skincare,Brazil,59376,564,360.96,25,4065.83,0.009498787388843978,0.64,14.4384,11.263935062056738
2024-11-26,Google Ads,Video,Branding,Haircare,Brazil,80511,3622,12025.04,140,31780.44,0.04498764144030008,3.3200000000000003,85.89314285714286,2.6428552420615645
2024-12-15,Google Ads,Video,Branding,Haircare,Brazil,132953,8163,22529.88,130,16572.4,0.06139763675885463,2.7600000000000002,173.30676923076925,0.7355742684825662
2024-01-06,Meta Ads,Search,Performance,Haircare,Argentina,17763,726,1408.44,30,1946.19,0.040871474413105895,1.9400000000000002,46.948,1.381805401721053
2024-10-14,TikTok Ads,Search,Performance,Haircare,Argentina,97193,6230,9968,306,81609.12,0.06409926640807466,1.6,32.57516339869281,8.187110754414125
2024-03-21,TikTok Ads,Display,Branding,Skincare,Mexico,108196,5334,5280.66,289,27408.56,0.049299419571888055,0.99,18.272179930795847,5.190366355720687
2024-04-27,Google Ads,Shopping,Performance,Haircare,Argentina,69323,2169,4750.11,94,16337.12,0.03128831700878496,2.19,50.53308510638298,3.4393140369380926
2024-08-14,Google Ads,Shopping,Performance,Haircare,Mexico,168059,3462,10662.96,154,33243.77,0.02059990836551449,3.0799999999999996,69.24,3.117686833674702
2024-04-17,Google Ads,Display,Branding,Makeup,Brazil,292437,10417,25597.08,573,133272.91999999998,0.035621347503906824,2.457241048286455,44.67204188481676,5.206567311583976
2024-01-07,Meta Ads,Shopping,Performance,Skincare,Argentina,182235,5047,3734.78,260,53450.65,0.02769500919142865,0.74,14.364538461538462,14.311592650704995
2024-06-08,Google Ads,Video,Branding,Skincare,Brazil,96658,2822,9510.14,112,25060.16,0.029195720995675474,3.3699999999999997,84.91196428571428,2.6350989575337485
2024-01-11,Meta Ads,Video,Branding,Haircare,Mexico,152977,5491,7412.85,147,9232.39,0.03589428476176157,1.35,50.42755102040817,1.2454575500650895
2024-12-14,TikTok Ads,Shopping,Performance,Skincare,Argentina,141917,4796,3165.36,369,11953.05,0.033794400952669515,0.66,8.578211382113821,3.7762055500796112
2024-10-27,TikTok Ads,Search,Performance,Skincare,Mexico,111956,5911,9280.27,253,68395.54,0.052797527600128624,1.57,36.68090909090909,7.369994623001269
2024-11-09,Google Ads,Shopping,Performance,Makeup,Mexico,170732,7700,6237,434,53677.08,0.045099922685846824,0.81,14.370967741935484,8.606233766233766
2024-01-13,Meta Ads,Shopping,Performance,Skincare,Argentina,24404,710,433.1,10,923.15,0.02909359121455499,0.61,43.31,2.131493881320711
2024-04-05,TikTok Ads,Video,Branding,Haircare,Argentina,159813,7575,6817.5,319,35965.7,0.047399147753937415,0.9,21.371473354231973,5.275496883021635
2024-05-06,Meta Ads,Search,Performance,Haircare,Brazil,199472,5286,6977.52,192,17789.77,0.02649995989412048,1.32,36.34125,2.5495835196459486
2024-10-20,TikTok Ads,Shopping,Performance,Haircare,Argentina,109188,6354,8006.04,216,49228.57,0.05819320804484009,1.26,37.065,6.148928808749394
2024-09-27,TikTok Ads,Display,Branding,Skincare,Mexico,55599,3697,6063.08,217,25513.42,0.06649400169067789,1.64,27.940460829493087,4.207996595789599
2024-07-05,Google Ads,Search,Performance,Skincare,Mexico,6881,357,817.53,5,872.75,0.05188199389623601,2.29,163.506,1.0675449218988906
2024-04-28,Meta Ads,Shopping,Performance,Haircare,Mexico,17720,287,404.67,4,597.18,0.016196388261851016,1.4100000000000001,101.1675,1.4757209578174808
2024-04-29,Meta Ads,Shopping,Performance,Skincare,Mexico,26751,489,943.77,8,791.56,0.0182796904788606,1.93,117.97125,0.8387212986214861
2024-06-20,Meta Ads,Video,Branding,Haircare,Brazil,125489,2523,4253.93,154,34376.380000000005,0.02010534787909697,1.6860602457391995,27.62292207792208,8.081087370972254
2024-09-14,TikTok Ads,Search,Performance,Makeup,Mexico,198085,14460,11857.2,1133,295028.26,0.07299896509074387,0.8200000000000001,10.46531332744925,24.88178153358297
2024-06-07,Meta Ads,Search,Performance,Skincare,Mexico,123171,3756,6986.16,52,7553.6,0.03049419100275227,1.8599999999999999,134.34923076923076,1.0812234475019182
2024-08-04,Google Ads,Shopping,Performance,Haircare,Brazil,63959,2014,4591.92,150,37769.59,0.03148892259103488,2.2800000000000002,30.6128,8.225228226972595
2024-01-12,Meta Ads,Video,Branding,Haircare,Mexico,62676,595,1439.9,32,1319.08,0.009493266960239964,2.4200000000000004,44.996875,0.9160913952357802
2024-05-09,TikTok Ads,Video,Branding,Skincare,Argentina,41839,2991,2961.09,45,9665.89,0.07148832429073353,0.9900000000000001,65.802,3.2643013214728356
2024-08-28,Meta Ads,Display,Branding,Makeup,Mexico,25991,309,469.68,14,2306.63,0.011888730714478088,1.52,33.54857142857143,4.911067109521376
2024-09-20,Google Ads,Display,Branding,Haircare,Brazil,168384,4681,12030.17,267,58628.48,0.027799553401748386,2.57,45.05681647940075,4.873453991090733
2024-05-10,Meta Ads,Display,Branding,Makeup,Brazil,29485,1341,1890.81,46,4626.55,0.04548075292521621,1.41,41.104565217391304,2.446861398025185
2024-12-23,TikTok Ads,Video,Branding,Skincare,Mexico,22221,1706,853,74,14659.06,0.07677422258224202,0.5,11.527027027027026,17.18529894490035
2024-11-04,Google Ads,Search,Performance,Haircare,Brazil,93720,2661,4523.7,104,18904.07,0.028393085787451984,1.7,43.497115384615384,4.178895594314389
2024-01-20,Google Ads,Display,Branding,Makeup,Mexico,181687,8321,26127.94,651,189283.47,0.04579854364924293,3.1399999999999997,40.13508448540706,7.244485022546745
2024-06-26,TikTok Ads,Search,Performance,Skincare,Brazil,139133,6020,2545.52,245,67689.44,0.043267952247130446,0.422843853820598,10.389877551020408,26.5915962160973
2024-11-14,Meta Ads,Video,Branding,Makeup,Argentina,129746,4891,8852.71,117,26101.17,0.037696730535045395,1.8099999999999998,75.66418803418803,2.9483819079129443
2024-08-21,Google Ads,Search,Performance,Makeup,Mexico,180746,5024,6430.72,64,17709.21,0.027795912495988846,1.28,100.48,2.7538456036027066
2024-04-16,Google Ads,Display,Branding,Haircare,Brazil,103066,2380,5926.2,121,20395.26,0.02309199930141851,2.4899999999999998,48.97685950413223,3.4415409537308896
2024-10-11,TikTok Ads,Video,Branding,Haircare,Mexico,54752,2814,2420.04,137,13580.22,0.05139538281706604,0.86,17.664525547445255,5.611568403828036
2024-11-28,TikTok Ads,Display,Branding,Haircare,Brazil,34669,1965,3163.65,74,12153.4,0.05667887738325305,1.61,42.752027027027026,3.8415753955083525
2024-03-25,Google Ads,Video,Branding,Skincare,Brazil,173102,4414,15007.6,341,52487.34,0.025499416528982913,3.4,44.01055718475074,3.4973839921106635
2024-03-21,Google Ads,Video,Branding,Makeup,Brazil,134198,2670,8410.5,71,14769.75,0.019895974604688595,3.15,118.45774647887323,1.7561084358837167
2024-06-04,Google Ads,Video,Branding,Skincare,Mexico,113368,5260,6890.6,168,8983.58,0.04639757250723308,1.31,41.01547619047619,1.3037442312715872
2024-08-01,Meta Ads,Display,Branding,Makeup,Brazil,168947,4510,8749.4,179,48341.14,0.026694762262721446,1.94,48.87932960893855,5.525080576953848
2024-01-16,Google Ads,Shopping,Performance,Skincare,Brazil,31783,781,905.96,49,4886.84,0.024572884875562407,1.1600000000000001,18.488979591836735,5.394101284824937
2024-06-14,Meta Ads,Search,Performance,Haircare,Brazil,140372,4548,6549.12,125,23552.19,0.03239962385660958,1.44,52.39296,3.5962373570800352
2024-04-29,Meta Ads,Video,Branding,Skincare,Argentina,59160,958,958,35,7848.99,0.01619337390128465,1,27.37142857142857,8.193100208768268
2024-12-21,Google Ads,Video,Branding,Haircare,Argentina,109216,5777,17677.62,140,11237.04,0.05289518019337826,3.0599999999999996,126.26871428571428,0.6356647557759473
2024-08-02,Google Ads,Shopping,Performance,Skincare,Brazil,98899,2185,6904.6,171,45859.64,0.0220932466455677,3.16,40.37777777777778,6.641896706543464
2024-10-25,Meta Ads,Video,Branding,Skincare,Mexico,184298,7758,12024.9,351,91198.92,0.04209486809406505,1.55,34.258974358974356,7.5841728413541905
2024-09-01,TikTok Ads,Display,Branding,Skincare,Brazil,106069,3139,1569.5,78,6648.74,0.029593943565037854,0.5,20.121794871794872,4.236215355208665
2024-09-06,Google Ads,Video,Branding,Skincare,Argentina,47176,1278,1827.54,62,2278.75,0.02709004578599288,1.43,29.476451612903226,1.2468947328102258
2024-01-17,Google Ads,Video,Branding,Skincare,Mexico,49109,1203,3921.78,25,4734.61,0.024496528131299763,3.2600000000000002,156.87120000000002,1.2072604786602001
2024-09-27,TikTok Ads,Search,Performance,Skincare,Mexico,40886,1782,980.1,132,28189.38,0.04358460108594629,0.55,7.425,28.761738598102234
2024-03-30,TikTok Ads,Shopping,Performance,Skincare,Argentina,37646,1874,2061.4,144,16795.87,0.04977952504914201,1.1,14.315277777777778,8.147797613272532
2024-03-15,Meta Ads,Search,Performance,Haircare,Brazil,117529,4266,4393.98,308,62119.33,0.03629742446545108,1.0299999999999998,14.26616883116883,14.137372040837693
2024-05-11,Google Ads,Video,Branding,Skincare,Brazil,132441,2436,5091.24,135,8958.33,0.01839309579359866,2.09,37.712888888888884,1.7595575930421665
2024-01-21,TikTok Ads,Shopping,Performance,Haircare,Brazil,119944,9331,5691.91,717,101587.49,0.07779463749749883,0.61,7.9385076708507665,17.84769787294599
2024-03-16,Meta Ads,Shopping,Performance,Haircare,Brazil,196112,2647,3996.97,187,16387.67,0.01349738924696092,1.51,21.37417112299465,4.100023267625226
2024-11-09,Meta Ads,Shopping,Performance,Haircare,Brazil,8487,271,246.61,14,4179.96,0.031931188877106165,0.91,17.615000000000002,16.949677628644416
2024-01-21,Google Ads,Display,Branding,Haircare,Argentina,340704,16154,44915.380000000005,851,83465.1,0.04741359068282145,2.7804494242911977,52.77952996474736,1.8582743817373915
2024-11-04,Google Ads,Display,Branding,Haircare,Argentina,158441,3976,10814.72,300,51868.85,0.025094514677387797,2.7199999999999998,36.04906666666666,4.796134342821635
2024-01-15,Google Ads,Display,Branding,Makeup,Mexico,62320,3857,3895.57,158,17905.2,0.061890243902439024,1.01,24.655506329113926,4.596297846014832
2024-11-24,Meta Ads,Video,Branding,Haircare,Mexico,88452,3361,5478.43,180,8119.45,0.03799801022023244,1.6300000000000001,30.435722222222225,1.4820760692388146
2024-11-17,TikTok Ads,Search,Performance,Haircare,Brazil,105726,8542,11958.8,662,104498.78,0.08079374988176986,1.4,18.06465256797583,8.738232933070208
2024-05-06,Meta Ads,Video,Branding,Haircare,Brazil,34404,1204,1709.68,94,17655.16,0.03499593070573189,1.4200000000000002,18.188085106382978,10.326587431566141
2024-07-07,Meta Ads,Display,Branding,Haircare,Brazil,105050,3077,1538.5,206,55580.46,0.029290813898143742,0.5,7.468446601941747,36.126395840103996
2024-02-18,Meta Ads,Search,Performance,Makeup,Argentina,32410,693,1240.47,21,678.51,0.021382289416846653,1.79,59.07,0.5469781615033011
2024-10-08,Google Ads,Video,Branding,Haircare,Mexico,120475,7794,6079.32,530,143639.1,0.06469391990039428,0.7799999999999999,11.470415094339621,23.62749452241369
2024-05-31,Google Ads,Display,Branding,Skincare,Brazil,183373,7169,11111.95,342,18314.28,0.03909517758884896,1.55,32.49108187134503,1.6481607638623281
2024-01-17,Meta Ads,Search,Performance,Haircare,Argentina,100343,3461,3737.88,259,51755.16,0.034491693491324756,1.08,14.431969111969112,13.846126681434397
2024-09-22,Google Ads,Search,Performance,Skincare,Argentina,181976,7752,13333.44,255,75491.87,0.04259902404712709,1.72,52.288000000000004,5.661844955240357
2024-09-22,Meta Ads,Display,Branding,Makeup,Argentina,127082,2452,5345.36,53,8408.45,0.019294628664956483,2.1799999999999997,100.85584905660377,1.573037176167742
2024-06-19,Meta Ads,Shopping,Performance,Skincare,Argentina,134986,4346,7083.98,149,28100.44,0.032195931429926064,1.63,47.543489932885905,3.966758799431958
2024-11-17,TikTok Ads,Shopping,Performance,Haircare,Brazil,56069,2949,2506.65,150,29064.28,0.05259590861260233,0.85,16.711000000000002,11.59486964673967
2024-07-18,Meta Ads,Search,Performance,Haircare,Brazil,18706,458,201.52,35,7330.28,0.024484122741366406,0.44,5.757714285714286,36.37495037713378
2024-08-16,TikTok Ads,Search,Performance,Makeup,Argentina,161640,5916,2721.36,445,30797.18,0.03659985152190052,0.46,6.115415730337079,11.31683422994385
2024-09-24,Meta Ads,Search,Performance,Makeup,Mexico,14028,342,646.38,7,716.51,0.024379811804961505,1.89,92.34,1.1084965500170179
2024-06-22,TikTok Ads,Display,Branding,Skincare,Mexico,187663,10790,7445.1,121,18190.79,0.05749668288367979,0.6900000000000001,61.529752066115705,2.4433237968596795
2024-06-27,Meta Ads,Display,Branding,Haircare,Brazil,140460,2753,1404.03,87,18763.62,0.01959988608856614,0.51,16.138275862068966,13.364116151364287
2024-03-19,Meta Ads,Video,Branding,Haircare,Mexico,102148,1205,1578.55,59,17697.95,0.011796608842072287,1.31,26.755084745762712,11.21152323334706
2024-04-28,Google Ads,Display,Branding,Haircare,Brazil,135171,5231,9311.18,149,19918.92,0.03869912925109676,1.78,62.491140939597315,2.1392476571175725
2024-01-13,TikTok Ads,Shopping,Performance,Skincare,Argentina,83871,6382,6701.1,196,31406.57,0.07609304765652013,1.05,34.18928571428572,4.68677829013147
2024-01-28,TikTok Ads,Display,Branding,Haircare,Argentina,104626,9144,10058.4,389,83739.39,0.08739701412650776,1.0999999999999999,25.857069408740358,8.325319136244334
2024-03-06,Google Ads,Shopping,Performance,Skincare,Brazil,193326,12334,15787.52,715,196162.94,0.06379897168513289,1.28,22.080447552447552,12.425190276876926
2024-01-24,TikTok Ads,Shopping,Performance,Skincare,Brazil,107262,5127,6357.48,343,93405.13,0.047798847681378306,1.24,18.534927113702622,14.692162617892626
2024-09-01,TikTok Ads,Video,Branding,Haircare,Argentina,6628,261,334.08,11,2224.48,0.03937839468919734,1.28,30.37090909090909,6.65852490421456
2024-08-16,Google Ads,Search,Performance,Skincare,Mexico,166673,4733,3975.72,336,98987.51,0.028396920917005155,0.84,11.8325,24.898008411055105
2024-12-26,Google Ads,Video,Branding,Haircare,Brazil,173700,7208,16506.32,178,32171.36,0.041496833621185954,2.29,92.73213483146067,1.9490328552942147
2024-06-13,Google Ads,Shopping,Performance,Makeup,Argentina,141455,2673,7537.86,122,19810.32,0.0188964688416811,2.82,61.78573770491803,2.6281093042322357
2024-10-05,Google Ads,Video,Branding,Skincare,Brazil,92332,5336,5015.84,213,39347.29,0.057791448251960316,0.9400000000000001,23.548544600938968,7.844606287281891
2024-09-26,Meta Ads,Shopping,Performance,Skincare,Mexico,15047,368,390.08,27,6244.19,0.024456702332690903,1.06,14.447407407407407,16.007460008203445
2024-04-12,Google Ads,Search,Performance,Haircare,Brazil,57632,1256,2198,20,1647.61,0.02179344808439756,1.75,109.9,0.7495950864422202
2024-01-28,Meta Ads,Display,Branding,Haircare,Mexico,93966,2104,2040.88,157,6975.9,0.022391077623821382,0.9700000000000001,12.99923566878981,3.4180843557680998
2024-08-01,Google Ads,Display,Branding,Skincare,Mexico,188490,6879,19536.36,279,18268.77,0.03649530479070508,2.8400000000000003,70.02279569892474,0.935116367634503
2024-02-07,TikTok Ads,Display,Branding,Skincare,Brazil,103029,6830,3551.6,148,14545.74,0.06629201486959982,0.52,23.997297297297298,4.095545669557382
2024-12-30,Meta Ads,Shopping,Performance,Haircare,Brazil,50869,890,961.2,61,16803.54,0.01749592089484755,1.08,15.757377049180329,17.48183520599251
2024-12-20,Meta Ads,Display,Branding,Haircare,Argentina,118694,2338,5283.88,76,6774.6,0.019697710078015736,2.2600000000000002,69.52473684210527,1.282126013459806
2024-07-17,Google Ads,Shopping,Performance,Haircare,Brazil,99805,1936,2710.4,112,29346.97,0.019397825760232454,1.4000000000000001,24.2,10.827542060212515
2024-11-02,Google Ads,Search,Performance,Haircare,Argentina,26259,669,943.29,22,2731.41,0.025476979321375527,1.41,42.87681818181818,2.895620646884839
2024-05-19,Google Ads,Display,Branding,Makeup,Brazil,12644,572,1269.84,36,7362.94,0.04523884846567542,2.2199999999999998,35.27333333333333,5.798321048321048
2024-07-16,Google Ads,Video,Branding,Haircare,Mexico,91901,3326,8581.08,261,77117.41,0.03619111870382259,2.58,32.877701149425285,8.986911903862918
2024-10-27,Meta Ads,Search,Performance,Skincare,Brazil,69385,2650,4505,160,32080.73,0.03819269294516106,1.7,28.15625,7.121138734739179
2024-02-13,Google Ads,Video,Branding,Makeup,Mexico,48766,1731,1800.24,44,12477.84,0.0354960423245704,1.04,40.914545454545454,6.9312091721103855
2024-04-24,Meta Ads,Display,Branding,Skincare,Brazil,68989,2952,5284.08,169,14776.11,0.04278943019901724,1.79,31.266745562130176,2.79634486987328
2024-02-29,TikTok Ads,Search,Performance,Haircare,Argentina,71883,2077,3551.67,87,12811.32,0.028894175257014872,1.71,40.823793103448274,3.607125662012518
2024-04-05,TikTok Ads,Search,Performance,Haircare,Brazil,92939,5176,3416.16,388,96298.69,0.0556924434306373,0.6599999999999999,8.804536082474227,28.1891626855885
2024-02-20,Meta Ads,Search,Performance,Haircare,Argentina,180399,6025,4217.5,191,17456.79,0.03339818956867832,0.7,22.081151832460733,4.13913218731476
2024-06-23,Meta Ads,Display,Branding,Makeup,Argentina,164937,4453,4809.24,129,35127.5,0.026998187186622773,1.0799999999999998,37.28093023255814,7.304168642030758
2024-04-07,TikTok Ads,Display,Branding,Haircare,Brazil,131678,8374,7620.34,505,29682.01,0.06359452604079649,0.91,15.089782178217822,3.895103105635706
2024-06-24,Google Ads,Display,Branding,Skincare,Brazil,298065,11117,37860.78,773,160045.4,0.037297233824836865,3.405665197445354,48.97901681759379,4.227208208600034
2024-08-24,Meta Ads,Shopping,Performance,Skincare,Brazil,104616,4048,7164.96,233,45906.84,0.03869389003594097,1.77,30.75090128755365,6.407131372680377
2024-04-04,Google Ads,Shopping,Performance,Skincare,Argentina,111661,3930,3301.2,310,21226.88,0.03519581590707588,0.84,10.649032258064516,6.430049678904641
2024-04-02,Meta Ads,Display,Branding,Skincare,Mexico,21309,432,717.12,15,4449.98,0.02027312403209911,1.66,47.808,6.20534917447568
2024-01-08,TikTok Ads,Search,Performance,Skincare,Mexico,162795,8107,7782.72,575,86383.64,0.04979882674529316,0.9600000000000001,13.535165217391304,11.099415114510094
2024-01-25,Google Ads,Video,Branding,Skincare,Brazil,184316,4091,4254.64,309,82363.46,0.022195577160962696,1.04,13.76906148867314,19.358502717033637
2024-06-04,Google Ads,Video,Branding,Haircare,Brazil,33141,798,2625.42,42,7236.65,0.024078935457590295,3.29,62.510000000000005,2.756378027134706
2024-07-14,Meta Ads,Shopping,Performance,Haircare,Mexico,161193,4916,6734.92,377,91408.9,0.03049760225319958,1.37,17.86450928381963,13.572380963693703
2024-03-27,Meta Ads,Search,Performance,Skincare,Brazil,178063,1851,832.95,64,7044.13,0.010395197205483453,0.45,13.01484375,8.456846149228644
2024-05-25,Google Ads,Video,Branding,Makeup,Argentina,104134,3603,12466.38,234,14496.48,0.03459965045038124,3.46,53.275128205128205,1.162845990576254
2024-01-26,TikTok Ads,Shopping,Performance,Skincare,Brazil,34118,1470,1249.5,55,3037.11,0.043085761181780875,0.85,22.71818181818182,2.4306602641056423
2024-12-22,Meta Ads,Video,Branding,Haircare,Argentina,79964,1487,1591.09,22,3882.65,0.0185958681406633,1.0699999999999998,72.32227272727272,2.4402453663840515
2024-09-16,Google Ads,Video,Branding,Makeup,Mexico,13605,300,624,21,4495.51,0.022050716648291068,2.08,29.714285714285715,7.204342948717949
2024-07-25,TikTok Ads,Search,Performance,Skincare,Brazil,41468,3354,3722.94,81,5215.94,0.08088164367705218,1.11,45.96222222222222,1.4010271452131915
2024-02-29,Google Ads,Display,Branding,Haircare,Mexico,92923,1932,6124.44,32,1855.78,0.020791407939907237,3.17,191.38875,0.30301219376792005
2024-12-16,TikTok Ads,Search,Performance,Skincare,Mexico,33302,3007,841.96,95,3253.81,0.09029487718455348,0.28,8.862736842105264,3.8645660126371797
2024-05-20,Meta Ads,Shopping,Performance,Haircare,Brazil,207323,4108,1876.48,211,18925.23,0.019814492362159528,0.4567867575462512,8.893270142180095,10.085495182469304
2024-06-21,Meta Ads,Display,Branding,Haircare,Brazil,150486,6230,7538.3,243,55217.61,0.04139919992557447,1.21,31.021810699588478,7.324941963042065
2024-01-05,Meta Ads,Display,Branding,Makeup,Brazil,88732,1579,694.76,32,4757.82,0.017795158454672496,0.44,21.71125,6.848149001093903
2024-03-10,Google Ads,Search,Performance,Haircare,Mexico,8880,216,444.96,6,1186.19,0.024324324324324326,2.06,74.16,2.665835131247753
2024-11-12,Meta Ads,Video,Branding,Haircare,Brazil,27419,1192,2181.36,38,5935.39,0.04347350377475473,1.83,57.404210526315794,2.7209584846151027
2024-11-13,Google Ads,Display,Branding,Makeup,Brazil,92502,2960,6097.6,201,47885.36,0.03199930812306761,2.06,30.3363184079602,7.853148779847809
2024-05-17,TikTok Ads,Video,Branding,Haircare,Brazil,116301,4198,6087.1,212,37780.9,0.036095992295853,1.4500000000000002,28.712735849056607,6.206715841698017
2024-01-04,Google Ads,Video,Branding,Haircare,Brazil,89730,4621,12384.28,277,13483.54,0.05149894126824919,2.68,44.708592057761734,1.0887625279790185
2024-12-06,TikTok Ads,Search,Performance,Makeup,Mexico,25951,809,388.32,61,10397.04,0.03117413587145004,0.48,6.365901639344262,26.77441285537701
2024-01-01,Google Ads,Search,Performance,Skincare,Argentina,21702,1000,3170,17,3670.88,0.04607870242373975,3.17,186.47058823529412,1.158006309148265
2024-01-20,Meta Ads,Shopping,Performance,Haircare,Mexico,147897,2144,4159.36,24,3826.61,0.01449657531931006,1.94,173.30666666666664,0.9199997114940761
2024-08-15,TikTok Ads,Shopping,Performance,Skincare,Mexico,13562,790,932.2,40,7014.55,0.05825099542840289,1.1800000000000002,23.305,7.52472645355074
2024-04-04,Google Ads,Search,Performance,Haircare,Brazil,161215,5948,13501.96,439,105685.25,0.036894829885556556,2.27,30.756173120728928,7.827400614429313
2024-04-25,Google Ads,Search,Performance,Skincare,Argentina,32898,1743,2039.31,130,31968.71,0.05298194419113624,1.17,15.687,15.676238531660218
2024-02-11,Google Ads,Shopping,Performance,Skincare,Brazil,29016,1088,2241.28,56,9936.27,0.037496553625585884,2.06,40.02285714285715,4.433301506282124
2024-09-04,TikTok Ads,Video,Branding,Makeup,Mexico,178269,8646,5446.98,93,10627.54,0.048499739158238395,0.63,58.56967741935483,1.9510884930732262
2024-10-06,TikTok Ads,Display,Branding,Skincare,Brazil,122286,7642,11233.74,201,60002.91,0.06249284464288635,1.47,55.88925373134328,5.341311976242997
2024-01-27,Google Ads,Search,Performance,Haircare,Brazil,143183,5784,4974.24,432,88233.11,0.04039585705006879,0.86,11.514444444444443,17.738008218340894
2024-03-03,TikTok Ads,Shopping,Performance,Skincare,Brazil,191443,6872,11476.24,422,108198.8,0.03589580188358937,1.67,27.194881516587678,9.428070517869966
2024-11-08,Google Ads,Shopping,Performance,Skincare,Mexico,34605,809,1423.84,40,5146.88,0.023378124548475654,1.76,35.596,3.6147881784470166
2024-01-15,Google Ads,Display,Branding,Skincare,Mexico,55406,2648,5031.2,149,22127.3,0.047792657834891526,1.9,33.76644295302013,4.398016377802512
2024-02-25,Google Ads,Video,Branding,Skincare,Argentina,185368,6567,17341.120000000003,283,50798.149999999994,0.03542682663674421,2.6406456525049493,61.27604240282687,2.9293465473971687
2024-10-12,Google Ads,Video,Branding,Skincare,Argentina,173769,6759,19330.74,158,21350.44,0.038896465997962815,2.8600000000000003,122.34645569620254,1.1044812562788593
2024-04-29,Google Ads,Display,Branding,Haircare,Argentina,72474,4022,12508.42,142,38937.53,0.05549576399812346,3.11,88.08746478873239,3.1129055468236593
2024-09-23,Google Ads,Video,Branding,Haircare,Brazil,133909,5664,16312.32,117,11886.29,0.04229738105728517,2.88,139.42153846153846,0.7286694964296925
2024-01-25,Google Ads,Search,Performance,Makeup,Argentina,92185,3779,6121.98,82,11861.33,0.040993654065194986,1.6199999999999999,74.65829268292683,1.937498979088465
2024-12-24,Google Ads,Video,Branding,Haircare,Mexico,118005,5003,9005.4,63,6740.12,0.042396508622515997,1.7999999999999998,142.94285714285715,0.748453150332023
2024-08-21,Meta Ads,Video,Branding,Haircare,Mexico,151729,4491,8308.35,228,48165.44,0.029598824219496604,1.85,36.44013157894737,5.797232904246933
2024-04-20,TikTok Ads,Display,Branding,Haircare,Argentina,111399,4155,5069.1,176,18559.1,0.03729835994937118,1.2200000000000002,28.801704545454548,3.6612219131601265
2024-08-31,Meta Ads,Video,Branding,Makeup,Brazil,257292,7035,7771.53,304,55793.78,0.02734247469800849,1.1046950959488273,25.56424342105263,7.179252991367209
2024-12-18,TikTok Ads,Shopping,Performance,Skincare,Brazil,169238,6583,3488.99,507,146453.92,0.0388978834540706,0.5299999999999999,6.88163708086785,41.9760217140204
2024-02-21,Google Ads,Search,Performance,Haircare,Argentina,13083,707,1682.66,41,10442.74,0.05403959336543606,2.3800000000000003,41.04048780487805,6.206090356934853
2024-03-14,TikTok Ads,Search,Performance,Haircare,Argentina,24504,899,1276.58,41,3721.4,0.03668788769180542,1.42,31.136097560975607,2.91513261996898
2024-10-18,Meta Ads,Video,Branding,Haircare,Brazil,152318,4554,4918.32,296,64805.54,0.02989797660158353,1.0799999999999998,16.615945945945946,13.176356967419771
2024-08-19,TikTok Ads,Video,Branding,Makeup,Mexico,82400,3708,2966.4,139,31548.51,0.045,0.8,21.341007194244604,10.635285194174756
2024-11-27,Google Ads,Shopping,Performance,Haircare,Mexico,155338,10718,19935.48,411,112821.78,0.06899792710090255,1.8599999999999999,48.504817518248174,5.659346050358456
2024-12-30,Meta Ads,Search,Performance,Haircare,Brazil,18487,693,339.57,36,7765.15,0.03748580083301779,0.49,9.4325,22.867597255352358
2024-06-19,Google Ads,Shopping,Performance,Haircare,Mexico,172570,3692,7974.72,53,15699.11,0.021394216839543373,2.16,150.46641509433962,1.9686095561975845
2024-11-08,Meta Ads,Display,Branding,Skincare,Brazil,181950,2401,1608.67,168,30028.61,0.013195932948612257,0.67,9.575416666666667,18.66673090192519
2024-08-22,Google Ads,Display,Branding,Makeup,Mexico,87607,3661,11532.15,106,31383.75,0.04178889814740831,3.15,108.7938679245283,2.7214136132464457
2024-05-18,Meta Ads,Search,Performance,Skincare,Brazil,57712,848,763.2,64,2136.83,0.014693651233712227,0.9,11.925,2.7998296645702303
2024-01-03,Meta Ads,Display,Branding,Skincare,Mexico,129750,2452,2672.68,93,23770.39,0.018897880539499038,1.0899999999999999,28.738494623655914,8.893840639358247
2024-01-18,TikTok Ads,Video,Branding,Haircare,Mexico,172820,5512,8268,229,38190.22,0.03189445666010878,1.5,36.10480349344978,4.619039671020803
2024-04-11,Google Ads,Display,Branding,Haircare,Mexico,17578,330,1013.1,20,3553.78,0.01877346683354193,3.0700000000000003,50.655,3.507827460270457
2024-02-27,Google Ads,Display,Branding,Skincare,Brazil,104821,4224,5744.64,307,89314.07,0.040297268677078064,1.36,18.712182410423456,15.547374596145277
2024-07-12,TikTok Ads,Search,Performance,Makeup,Argentina,95853,4658,1443.98,92,27317.08,0.0485952448019363,0.31,15.695434782608697,18.917907450241692
2024-04-13,TikTok Ads,Shopping,Performance,Haircare,Brazil,176030,13079,19749.29,200,41247.07,0.0742998352553542,1.51,98.74645000000001,2.0885343219933477
2024-01-03,TikTok Ads,Search,Performance,Haircare,Brazil,69277,5057,5360.42,268,57608.77,0.0729968099080503,1.06,20.001567164179104,10.747062730159204
2024-04-10,Google Ads,Search,Performance,Makeup,Brazil,166687,11384,8310.32,899,139644.2,0.06829566792851272,0.73,9.243959955506117,16.803709123114395
2024-01-31,Meta Ads,Search,Performance,Skincare,Mexico,153157,5498,9896.4,401,90694.52,0.03589780421397651,1.8,24.67930174563591,9.16439513358393
2024-02-06,Meta Ads,Video,Branding,Makeup,Brazil,92469,2487,1492.2,48,14164.35,0.02689550011355157,0.6,31.087500000000002,9.492259750703658
2024-01-20,TikTok Ads,Display,Branding,Skincare,Argentina,29180,1464,775.92,59,11729.57,0.05017135023989033,0.53,13.151186440677966,15.11698370966079
2024-04-18,Meta Ads,Search,Performance,Skincare,Argentina,33082,340,632.4,9,2116.06,0.010277492291880781,1.8599999999999999,70.26666666666667,3.346078431372549
2024-06-15,Meta Ads,Shopping,Performance,Skincare,Argentina,130056,3537,2051.46,207,27550.99,0.027195977117549362,0.58,9.910434782608696,13.429942577481404
2024-11-16,TikTok Ads,Shopping,Performance,Skincare,Mexico,66262,3790,4055.3,150,24443.12,0.05719718692463252,1.07,27.035333333333334,6.027450496880625
2024-06-22,Google Ads,Video,Branding,Haircare,Mexico,115415,3866,12719.14,280,61322.57,0.033496512585019275,3.29,45.4255,4.821282728234771
2024-07-22,Meta Ads,Display,Branding,Skincare,Mexico,9909,170,316.2,10,1238.47,0.01715612069835503,1.8599999999999999,31.619999999999997,3.9167299177735613
2024-06-29,Google Ads,Video,Branding,Haircare,Brazil,93545,2974,3449.84,58,4267.11,0.03179218557913304,1.1600000000000001,59.480000000000004,1.2369008417781693
2024-10-04,Meta Ads,Search,Performance,Makeup,Brazil,26747,1099,1252.86,36,5626.79,0.0410887202303062,1.14,34.80166666666666,4.491156234535383
2024-12-16,Meta Ads,Display,Branding,Skincare,Brazil,21471,753,1347.87,28,7559,0.03507056029062457,1.7899999999999998,48.138214285714284,5.608107606816682
2024-05-05,Meta Ads,Shopping,Performance,Haircare,Argentina,160182,4901,4999.02,88,22338.67,0.030596446542058408,1.02,56.80704545454546,4.468609847530115
2024-07-21,TikTok Ads,Shopping,Performance,Skincare,Mexico,157973,12227,6480.31,540,99930.16,0.07739930241243757,0.53,12.000574074074075,15.420583274565567
2024-09-18,Google Ads,Video,Branding,Haircare,Brazil,141501,6452,19162.44,193,47970.13,0.04559685090564731,2.9699999999999998,99.28725388601036,2.503341432510682
2024-11-04,Google Ads,Shopping,Performance,Skincare,Argentina,70107,4045,11002.4,203,22267.98,0.057697519505898125,2.7199999999999998,54.19901477832512,2.0239202355849635
2024-10-21,Google Ads,Search,Performance,Haircare,Brazil,121107,3148,7523.72,243,33241.31,0.025993542900080095,2.39,30.96181069958848,4.418201368471979
2024-12-14,Google Ads,Video,Branding,Skincare,Mexico,94767,4662,13519.8,136,33757.52,0.04919433980182975,2.9,99.41029411764706,2.4968949244811314
2024-08-18,TikTok Ads,Shopping,Performance,Haircare,Mexico,11713,334,487.64,13,2344.33,0.028515324852727737,1.46,37.51076923076923,4.807501435485194
2024-08-23,Meta Ads,Shopping,Performance,Skincare,Brazil,154676,1624,2744.56,26,1813.36,0.010499366417543768,1.69,105.56,0.6607106421430029
2024-03-09,Meta Ads,Display,Branding,Makeup,Mexico,17438,371,604.73,19,902.7,0.021275375616469777,1.6300000000000001,31.827894736842108,1.4927322937509302
2024-03-17,Google Ads,Shopping,Performance,Makeup,Brazil,30118,951,3119.28,30,2408.76,0.031575801846072116,3.2800000000000002,103.97600000000001,0.7722166653843194
2024-03-05,Meta Ads,Search,Performance,Haircare,Brazil,88904,1724,1724,59,8894.16,0.01939170341042023,1,29.220338983050848,5.159025522041763
2024-12-18,Google Ads,Display,Branding,Haircare,Argentina,119911,4592,12995.36,163,24856.01,0.03829506884272502,2.83,79.72613496932516,1.9126834500929562
2024-06-19,Meta Ads,Display,Branding,Makeup,Argentina,88717,816,1525.92,46,4879.02,0.009197786219101186,1.87,33.17217391304348,3.197428436615288
2024-11-17,Meta Ads,Search,Performance,Skincare,Mexico,45664,516,861.72,34,7132.56,0.011299929922915206,1.6700000000000002,25.34470588235294,8.277120178248156
2024-10-14,Google Ads,Shopping,Performance,Makeup,Brazil,34036,2086,7196.7,110,21503.08,0.06128804794923023,3.4499999999999997,65.42454545454545,2.9879083468812095
2024-12-15,Google Ads,Search,Performance,Haircare,Argentina,58520,3604,5333.92,265,78186.23,0.061585782638414216,1.48,20.128,14.658305711371748
2024-02-18,TikTok Ads,Display,Branding,Skincare,Brazil,194291,9248,9987.84,669,34771.85,0.04759870503523066,1.08,14.929506726457399,3.4814184047802126
2024-08-28,Google Ads,Search,Performance,Skincare,Brazil,151772,6237,6361.74,302,77929.21,0.04109453654165459,1.02,21.065364238410595,12.249669115682188
2024-06-03,TikTok Ads,Display,Branding,Haircare,Brazil,93635,4363,5933.68,117,29999.39,0.0465958242110322,1.36,50.715213675213676,5.055781572312629
2024-02-22,Google Ads,Video,Branding,Skincare,Argentina,87570,3415,8776.55,236,46705.85,0.03899737352974763,2.57,37.188771186440675,5.321663979581954
2024-11-04,Google Ads,Display,Branding,Skincare,Argentina,91861,2535,3143.4,137,8299.82,0.02759604184583229,1.24,22.944525547445256,2.64039574982503
2024-04-06,Google Ads,Search,Performance,Skincare,Mexico,86689,3727,4323.32,276,76876.24,0.042992767248439825,1.16,15.664202898550723,17.78176031383289
2024-04-12,Meta Ads,Search,Performance,Haircare,Argentina,73083,3040,1824,203,29701.35,0.04159654091922882,0.6,8.985221674876847,16.283634868421053
2024-08-11,TikTok Ads,Search,Performance,Skincare,Brazil,101411,9370,7589.7,523,26633.21,0.092396288371084,0.8099999999999999,14.511854684512429,3.509125525383085
2024-10-19,Google Ads,Video,Branding,Makeup,Brazil,121465,5575,9143,273,28769.59,0.04589799530729016,1.64,33.49084249084249,3.1466247402384337
2024-08-04,Google Ads,Display,Branding,Haircare,Mexico,144494,8409,25563.36,93,20233.22,0.05819618807701358,3.04,274.8748387096774,0.791492980578453
2024-04-27,TikTok Ads,Video,Branding,Haircare,Argentina,89944,2644,819.64,80,12715.09,0.029396068664947077,0.31,10.2455,15.513017910302084
2024-05-21,Meta Ads,Video,Branding,Makeup,Argentina,15865,528,992.64,39,3165.22,0.03328080680743776,1.88,25.45230769230769,3.188688749194068
2024-05-03,Meta Ads,Shopping,Performance,Skincare,Argentina,143541,1980,2791.8,152,42063.3,0.01379396827387297,1.4100000000000001,18.367105263157896,15.066731141199226
2024-03-11,Meta Ads,Display,Branding,Haircare,Brazil,107326,2436,1875.72,84,5936.35,0.02269720291448484,0.77,22.330000000000002,3.164838035527691
2024-10-15,TikTok Ads,Shopping,Performance,Makeup,Brazil,96412,7047,7822.17,194,36717.43,0.07309256109198026,1.11,40.32046391752577,4.694020968605899
2024-12-25,Meta Ads,Video,Branding,Skincare,Mexico,187957,4586,9630.6,271,34433.97,0.024399197688833085,2.1,35.53726937269373,3.575475048283596
2024-12-30,TikTok Ads,Video,Branding,Haircare,Argentina,194407,13122,11153.7,379,56289.95,0.0674975695319613,0.8500000000000001,29.429287598944594,5.046751302258443
2024-03-07,Google Ads,Search,Performance,Haircare,Mexico,87152,3599,9465.37,127,25958.5,0.04129566733982008,2.6300000000000003,74.53047244094489,2.742470711657336
2024-12-04,Google Ads,Search,Performance,Haircare,Brazil,160002,7520,22259.2,403,70823.58,0.04699941250734366,2.96,55.23374689826303,3.1817666403105234
2024-08-14,Meta Ads,Shopping,Performance,Haircare,Mexico,157499,1574,2770.24,45,13465.06,0.009993714245804735,1.7599999999999998,61.56088888888888,4.860611354972854
2024-05-01,Google Ads,Display,Branding,Makeup,Brazil,129447,4310,11637,211,16618.47,0.033295480003399075,2.7,55.15165876777251,1.4280716679556589
2024-02-07,Meta Ads,Display,Branding,Haircare,Mexico,69429,2430,3863.7,119,21584.01,0.034999783951950914,1.5899999999999999,32.46806722689075,5.586357636462458
2024-04-19,TikTok Ads,Display,Branding,Makeup,Mexico,20282,1740,2175,94,14237,0.08579035598067251,1.25,23.138297872340427,6.5457471264367815
2024-11-19,Google Ads,Search,Performance,Makeup,Brazil,96170,5145,10907.4,268,72622.99,0.05349901216595612,2.12,40.69925373134328,6.658139428278051
2024-03-01,TikTok Ads,Shopping,Performance,Makeup,Mexico,91795,3800,4636,157,24815.09,0.041396590228225935,1.22,29.528662420382165,5.352694132873166
2024-01-07,Google Ads,Shopping,Performance,Haircare,Brazil,147108,5140,12205.4,145,20920.21,0.03494031595834353,2.3745914396887158,84.1751724137931,1.7140126501384634
2024-02-17,Google Ads,Shopping,Performance,Skincare,Brazil,78402,4531,12460.25,105,25620.07,0.05779189306395245,2.75,118.66904761904762,2.0561441383599846
2024-10-06,TikTok Ads,Search,Performance,Makeup,Mexico,114850,8234,13421.42,245,35478.84,0.07169351327818894,1.6300000000000001,54.78130612244898,2.643449053825899
2024-12-04,Google Ads,Video,Branding,Haircare,Brazil,29618,1883,4086.11,90,26198.96,0.06357620365993652,2.17,45.40122222222222,6.411711872661284
2024-08-01,TikTok Ads,Search,Performance,Haircare,Argentina,66169,2057,3064.93,136,39364.99,0.031087064939775425,1.49,22.53625,12.843683216256162
2024-09-21,TikTok Ads,Display,Branding,Haircare,Mexico,135956,11529,5764.5,732,207824.45,0.08479949395392627,0.5,7.875,36.05246769017261
2024-11-08,TikTok Ads,Search,Performance,Haircare,Argentina,36027,2770,2991.6,205,16618.85,0.0768867793599245,1.08,14.593170731707316,5.555171145875117
2024-08-14,Meta Ads,Display,Branding,Haircare,Brazil,73309,2323,1393.8,39,1966.71,0.031687787311244185,0.6,35.738461538461536,1.411041756349548
2024-12-14,Google Ads,Video,Branding,Haircare,Argentina,241717,5133,10437.39,225,47952.82,0.021235577141864245,2.0333898305084745,46.3884,4.59433057498091
2024-08-18,TikTok Ads,Search,Performance,Skincare,Argentina,39782,3393,5802.03,143,23555.27,0.08528982957116284,1.71,40.57363636363636,4.059832506898448
2024-11-27,TikTok Ads,Video,Branding,Makeup,Argentina,31140,1712,2294.08,63,5569.82,0.05497752087347463,1.3399999999999999,36.41396825396825,2.4279100990375224
2024-10-13,Meta Ads,Shopping,Performance,Skincare,Argentina,71537,1809,2984.85,57,6227.5,0.025287613402854466,1.65,52.36578947368421,2.0863694993048227
2024-08-03,TikTok Ads,Search,Performance,Haircare,Argentina,40709,1314,919.8,90,16081.05,0.032277874671448575,0.7,10.219999999999999,17.48320287018917
2024-09-02,Meta Ads,Video,Branding,Skincare,Brazil,173337,3189,6473.67,224,43055.91,0.01839768774122086,2.03,28.900312500000002,6.650927526426278
2024-01-04,Google Ads,Display,Branding,Skincare,Mexico,20198,878,2353.04,67,5967.58,0.04346965046044163,2.68,35.12,2.536114983170707
2024-01-04,Meta Ads,Search,Performance,Haircare,Mexico,122897,2040,1570.8,159,45753.83,0.016599266052059854,0.77,9.879245283018868,29.12772472625414
2024-11-30,Google Ads,Shopping,Performance,Haircare,Brazil,156388,7021,11514.44,315,34670.52,0.04489474895772054,1.6400000000000001,36.55377777777778,3.011046998377689
2024-06-30,Google Ads,Display,Branding,Haircare,Brazil,83972,4903,14218.7,341,36574.45,0.05838851045586624,2.9000000000000004,41.69706744868036,2.5722780563623955
2024-03-23,Google Ads,Display,Branding,Skincare,Argentina,198344,6460,20139.37,320,60726.23,0.03256967692493849,3.117549535603715,62.93553125,3.0152993862270767
2024-08-05,Meta Ads,Video,Branding,Haircare,Brazil,46548,1047,1622.85,28,7800.92,0.022492910543954626,1.5499999999999998,57.958928571428565,4.806926086822566
2024-02-08,Google Ads,Shopping,Performance,Skincare,Mexico,10574,389,1007.51,6,908.68,0.03678834878002648,2.59,167.91833333333332,0.9019066808269892
2024-07-22,Google Ads,Display,Branding,Skincare,Mexico,166792,6071,19123.65,323,23590.83,0.03639862823156986,3.1500000000000004,59.20634674922601,1.233594528241209
2024-05-07,TikTok Ads,Display,Branding,Skincare,Mexico,145497,4743,1660.05,313,81349.35,0.03259861028062434,0.35,5.30367412140575,49.004156501310206
2024-03-27,Google Ads,Shopping,Performance,Haircare,Mexico,140607,6397,9147.71,393,82224.93,0.04549560121473326,1.43,23.27661577608142,8.98858074862452
2024-09-22,Meta Ads,Video,Branding,Haircare,Mexico,15532,593,847.99,45,2243.79,0.038179242853463816,1.43,18.84422222222222,2.646009976532742
2024-12-14,TikTok Ads,Shopping,Performance,Makeup,Mexico,183775,7093,7093,373,88634,0.038596109372874436,1,19.01608579088472,12.495981954039193
2024-11-30,Google Ads,Search,Performance,Skincare,Mexico,174737,5207,7498.08,398,90351.24,0.029799069458672178,1.44,18.839396984924623,12.049916778695346
2024-10-19,Google Ads,Shopping,Performance,Makeup,Mexico,55385,1678,2416.32,64,18110.48,0.03029701182630676,1.4400000000000002,37.755,7.495066878559131
2024-04-04,Meta Ads,Video,Branding,Haircare,Brazil,90818,3287,2629.6,123,11242.68,0.03619326565218349,0.7999999999999999,21.378861788617886,4.275433526011561
2024-09-28,Google Ads,Search,Performance,Haircare,Argentina,138438,4734,16758.36,191,38220.88,0.034195813288259005,3.54,87.74010471204188,2.2807052718762453
2024-11-21,TikTok Ads,Search,Performance,Haircare,Argentina,181833,10018,4808.64,686,153650.81,0.05509450979745151,0.48000000000000004,7.009679300291546,31.95306989086311
2024-05-05,Google Ads,Shopping,Performance,Skincare,Brazil,134157,3407,8210.87,147,41434.67,0.025395618566306642,2.41,55.856258503401364,5.046319086771559
2024-03-26,Google Ads,Display,Branding,Skincare,Argentina,161434,6328,4872.56,263,25426.86,0.039198681814239876,0.77,18.52684410646388,5.218378018946919
2024-02-18,TikTok Ads,Search,Performance,Haircare,Argentina,173050,8565,5909.85,414,118511.79,0.049494365790234036,0.6900000000000001,14.275,20.053265311302315
2024-09-21,TikTok Ads,Shopping,Performance,Skincare,Brazil,170201,7931,8327.55,182,10360.55,0.04659784607611001,1.0499999999999998,45.755769230769225,1.24412942582152
2024-01-09,TikTok Ads,Search,Performance,Haircare,Brazil,96310,6905,8838.4,247,8632.99,0.07169556640016612,1.28,35.782995951417,0.976759368211441
2024-10-28,Google Ads,Display,Branding,Skincare,Mexico,78927,3172,10150.4,62,7568.63,0.04018903543780962,3.1999999999999997,163.71612903225807,0.7456484473518286
2024-11-08,Meta Ads,Shopping,Performance,Haircare,Argentina,186949,3140,1884,186,30294.1,0.016796024584244902,0.6,10.129032258064516,16.079670912951165
2024-07-16,Meta Ads,Video,Branding,Makeup,Brazil,85989,997,1684.93,37,4865.84,0.01159450627405831,1.6900000000000002,45.53864864864865,2.887858842800591
2024-10-25,Meta Ads,Video,Branding,Haircare,Mexico,138678,1802,3423.8,61,2147.03,0.012994130287428431,1.9000000000000001,56.12786885245902,0.6270897832817338
2024-12-16,Google Ads,Display,Branding,Skincare,Mexico,143573,3474,5662.62,131,11434.82,0.02419675008532245,1.63,43.22610687022901,2.019351466282392
2024-06-17,Meta Ads,Shopping,Performance,Haircare,Argentina,83591,2499,4198.32,84,18620.43,0.029895562919453052,1.68,49.98,4.435209798204997
2024-10-08,Google Ads,Video,Branding,Skincare,Brazil,194099,4774,11887.26,134,8446.21,0.024595696010798612,2.49,88.71089552238806,0.7105262272382364
2024-08-04,Google Ads,Display,Branding,Haircare,Brazil,24359,1461,3418.74,35,4110.39,0.059977831602282525,2.34,97.6782857142857,1.2023113778760597
2024-12-08,TikTok Ads,Shopping,Performance,Skincare,Mexico,25860,1569,1694.52,79,13162.62,0.06067285382830626,1.08,21.449620253164557,7.767757240988599
2024-04-30,Google Ads,Shopping,Performance,Skincare,Argentina,72902,4942,16308.6,323,33499.38,0.06778963540094922,3.3000000000000003,50.49102167182663,2.0540929325631874
2024-01-01,TikTok Ads,Display,Branding,Skincare,Brazil,103026,9066,12964.38,278,46631,0.08799720458913284,1.43,46.634460431654674,3.596855383751479
2024-01-16,TikTok Ads,Shopping,Performance,Skincare,Argentina,55701,4138,1406.92,229,20016.59,0.07428951006265597,0.34,6.143755458515284,14.227241065590082
2024-03-07,TikTok Ads,Display,Branding,Haircare,Argentina,186782,14270,15411.6,931,224929.42,0.07639922476469896,1.08,16.553813104189043,14.594812998001506
2024-05-08,Meta Ads,Shopping,Performance,Makeup,Brazil,49864,2074,3629.5,73,14018.44,0.041593133322637574,1.75,49.71917808219178,3.862361206777793
2024-03-22,Meta Ads,Video,Branding,Skincare,Brazil,84737,1415,863.15,67,10044.57,0.016698726648335438,0.61,12.882835820895522,11.637108266234142
2024-06-05,Meta Ads,Video,Branding,Haircare,Brazil,118591,4043,4649.45,303,36581.13,0.03409196313379599,1.15,15.344719471947194,7.867840282183914
2024-06-28,Meta Ads,Display,Branding,Skincare,Mexico,169818,4992,9484.8,146,26864.23,0.029396177083701375,1.9,64.96438356164383,2.832345436909582
2024-07-22,Google Ads,Video,Branding,Haircare,Brazil,190826,12174,21304.5,933,139478.01,0.06379633802521668,1.75,22.834405144694532,6.54688023656974
2024-10-23,Google Ads,Shopping,Performance,Skincare,Mexico,51032,3036,6770.28,195,18761.36,0.05949208339865183,2.23,34.71938461538461,2.771135019526519
2024-01-28,Google Ads,Display,Branding,Makeup,Argentina,38005,1489,2248.39,79,23043.93,0.03917905538744902,1.51,28.460632911392402,10.249080453124236
2024-07-06,TikTok Ads,Video,Branding,Haircare,Argentina,95975,3848,6849.44,66,6246.82,0.04009377442042199,1.7799999999999998,103.77939393939393,0.9120190847718938
2024-11-10,Meta Ads,Search,Performance,Makeup,Brazil,21679,448,398.72,31,3556.66,0.020665159832095575,0.89,12.861935483870969,8.920194622792936
2024-03-11,Google Ads,Shopping,Performance,Haircare,Brazil,179342,4071,9200.46,195,30682.52,0.022699646485485832,2.26,47.18184615384615,3.334889777250268
2024-12-26,TikTok Ads,Display,Branding,Skincare,Brazil,192462,7709,6949.19,251,22162.15,0.0400546601407031,0.9014385782851212,27.68601593625498,3.189170248618904
2024-06-09,TikTok Ads,Shopping,Performance,Makeup,Argentina,161904,4339,4555.95,178,22405.85,0.02679983199920941,1.05,25.59522471910112,4.917931496175331
2024-10-03,Google Ads,Video,Branding,Haircare,Argentina,48118,1616,5914.56,129,28604.24,0.03358410574005569,3.66,45.8493023255814,4.836241411026348
2024-10-25,Meta Ads,Shopping,Performance,Skincare,Mexico,55697,957,870.87,12,1673.31,0.01718225398136345,0.91,72.5725,1.9214234041820248
2024-06-18,TikTok Ads,Video,Branding,Makeup,Argentina,143519,10519,9046.34,673,28878.71,0.07329343153171357,0.86,13.44181277860327,3.1923087126948575
2024-11-16,Meta Ads,Search,Performance,Haircare,Brazil,87565,3213,7068.6,106,13715.98,0.036692742534117515,2.2,66.68490566037737,1.9404096992332285
2024-02-16,Meta Ads,Video,Branding,Haircare,Mexico,298496,6913,10979.24,306,57950.85,0.02315943932246998,1.588201938376971,35.87986928104575,5.278220532568739
2024-05-17,Google Ads,Display,Branding,Haircare,Brazil,195610,9956,23595.72,401,116291.87,0.050897193395020704,2.37,58.84219451371571,4.928515425678894
2024-08-28,Google Ads,Video,Branding,Skincare,Brazil,33794,1030,1802.5,25,1849.39,0.030478783215955495,1.75,72.1,1.02601386962552
2024-09-09,Google Ads,Display,Branding,Skincare,Brazil,82700,2679,2303.94,140,20788.45,0.032394195888754536,0.86,16.456714285714288,9.02299973089577
2024-12-06,TikTok Ads,Shopping,Performance,Skincare,Brazil,154656,6557,2622.8,345,49646.11,0.042397320504862404,0.4,7.602318840579711,18.928667835900562
2024-01-05,Google Ads,Shopping,Performance,Haircare,Brazil,20091,956,3259.96,36,9230.05,0.04758349509730725,3.41,90.55444444444444,2.8313384213303228
2024-06-02,TikTok Ads,Video,Branding,Haircare,Argentina,26471,1890,1776.6,74,21647.86,0.0713988893506101,0.94,24.008108108108107,12.184993808398065
2024-07-31,TikTok Ads,Video,Branding,Skincare,Brazil,10156,474,146.94,29,1480.61,0.04667191807798346,0.31,5.066896551724138,10.07628964203076
2024-12-16,Meta Ads,Display,Branding,Haircare,Brazil,157898,3094,7394.66,245,72430.36,0.019594928371480323,2.39,30.182285714285715,9.79495473760795
2024-03-21,Meta Ads,Shopping,Performance,Haircare,Mexico,119731,2969,1662.64,47,11619.48,0.02479725384403371,0.56,35.37531914893617,6.9885723908964055
2024-08-20,TikTok Ads,Search,Performance,Haircare,Mexico,89688,6583,2238.22,273,36559.47,0.0733988939434484,0.33999999999999997,8.198608058608057,16.33417179723173
2024-02-26,TikTok Ads,Search,Performance,Makeup,Mexico,109794,3886,6256.46,73,9808.76,0.035393555203380875,1.61,85.70493150684932,1.5677811414122362
2024-09-24,TikTok Ads,Search,Performance,Haircare,Mexico,31727,2233,1027.18,74,9946.57,0.07038169382544836,0.46,13.88081081081081,9.683375844545258
2024-02-03,TikTok Ads,Shopping,Performance,Haircare,Argentina,23043,1534,2086.24,119,6284.67,0.06657119298702426,1.3599999999999999,17.53142857142857,3.012438645601657
2024-07-06,TikTok Ads,Video,Branding,Skincare,Mexico,187411,15667,6736.81,996,51799.95,0.08359701404933542,0.43000000000000005,6.76386546184739,7.689091721452734
2024-09-26,Meta Ads,Shopping,Performance,Makeup,Mexico,185419,7750,10695,400,13470.33,0.04179722682141528,1.38,26.7375,1.2594978962131838
2024-04-03,Google Ads,Display,Branding,Haircare,Argentina,169575,3730,10108.3,284,8952.89,0.021996166887807755,2.71,35.59260563380281,0.885696902545433
2024-08-14,Meta Ads,Search,Performance,Skincare,Brazil,25930,609,334.95,7,509.29,0.02348630929425376,0.5499999999999999,47.85,1.5204955963576654
2024-09-27,Google Ads,Display,Branding,Haircare,Argentina,34652,866,1359.62,43,2728.57,0.02499134249105391,1.5699999999999998,31.619069767441857,2.0068622115002723
2024-11-23,Google Ads,Display,Branding,Haircare,Mexico,192822,6228,20863.8,87,18207.05,0.032299218968789865,3.35,239.81379310344826,0.8726622187712689
2024-08-07,Meta Ads,Search,Performance,Haircare,Brazil,96360,3247,1396.21,211,50567.51,0.03369655458696555,0.43,6.617109004739337,36.21769647832346
2024-02-10,TikTok Ads,Shopping,Performance,Skincare,Brazil,116709,6640,13080.8,304,83458.18,0.056893641450102395,1.97,43.02894736842105,6.380204574643752
2024-01-29,Meta Ads,Search,Performance,Skincare,Mexico,56534,1079,647.4,27,4508.39,0.01908585983655853,0.6,23.977777777777778,6.963839975285759
2024-09-06,Meta Ads,Display,Branding,Haircare,Brazil,71247,1888,887.36,57,9045.86,0.026499361376619367,0.47000000000000003,15.567719298245613,10.194126397403535
2024-02-06,TikTok Ads,Video,Branding,Makeup,Mexico,48475,3160,2401.6,124,19990.89,0.06518824136152657,0.76,19.36774193548387,8.3239881745503
2024-04-15,Meta Ads,Video,Branding,Skincare,Argentina,28359,612,459,30,6591.07,0.021580450650587116,0.75,15.3,14.359629629629628
2024-05-16,TikTok Ads,Search,Performance,Haircare,Brazil,77882,3029,1423.63,228,44433.62,0.038892170206209394,0.47000000000000003,6.2439912280701755,31.211494559681938
2024-02-18,Google Ads,Video,Branding,Skincare,Mexico,165470,4136,3391.52,56,12113.24,0.024995467456336497,0.82,60.56285714285714,3.5716257017502477
2024-12-14,Meta Ads,Search,Performance,Makeup,Argentina,66157,1687,2193.1,41,5082.94,0.025499947095545445,1.3,53.49024390243902,2.317696411472345
2024-02-27,TikTok Ads,Display,Branding,Makeup,Brazil,7978,557,339.77,34,6686.61,0.06981699674103785,0.61,9.993235294117646,19.67981281455102
2024-02-08,TikTok Ads,Display,Branding,Skincare,Brazil,113994,4320,3326.4,142,25985.24,0.037896731406916156,0.77,23.425352112676055,7.811820586820587
2024-08-06,Meta Ads,Video,Branding,Makeup,Mexico,70133,2293,2384.72,75,14249.95,0.03269502231474484,1.0399999999999998,31.796266666666664,5.975523331879635
2024-06-22,TikTok Ads,Shopping,Performance,Makeup,Argentina,130645,8243,7830.85,356,16420.6,0.06309464579585901,0.9500000000000001,21.99676966292135,2.096911574094766
2024-12-08,TikTok Ads,Video,Branding,Skincare,Brazil,116184,4089,1390.26,263,54249.41,0.03519417475728155,0.34,5.28615969581749,39.021053615870414
2024-10-07,TikTok Ads,Display,Branding,Skincare,Mexico,192583,11285,18394.55,562,124224.31,0.058598110944372034,1.63,32.73051601423487,6.753321500118242
2024-02-23,Meta Ads,Video,Branding,Haircare,Brazil,146964,5246,10439.54,131,7261.59,0.035695816662584035,1.9900000000000002,79.69114503816795,0.6955852460932186
2024-12-08,Google Ads,Search,Performance,Skincare,Mexico,78635,2587,6079.45,106,21303.72,0.03289883639600687,2.35,57.35330188679245,3.504218309222052
2024-11-09,Google Ads,Search,Performance,Skincare,Argentina,112549,6640,24368.8,374,21696.69,0.05899652595758292,3.67,65.1572192513369,0.8903470831555103
2024-04-10,Meta Ads,Search,Performance,Skincare,Brazil,10108,320,163.2,8,624.2,0.031658092599920855,0.51,20.4,3.8247549019607847
2024-10-17,TikTok Ads,Shopping,Performance,Skincare,Brazil,180721,9379,12192.7,286,52558.42,0.051897676529014336,1.3,42.63181818181818,4.310646534401732
2024-11-30,TikTok Ads,Shopping,Performance,Haircare,Mexico,7234,496,352.16,10,399.8,0.06856510920652474,0.7100000000000001,35.216,1.1352794184461608
2024-08-22,Google Ads,Display,Branding,Haircare,Argentina,89124,2664,3303.36,198,52262.98,0.029890938467752794,1.24,16.683636363636364,15.821157851399787
2024-01-22,TikTok Ads,Search,Performance,Haircare,Mexico,135608,5220,6159.6,411,64126.68,0.038493304229838946,1.1800000000000002,14.986861313868614,10.410851353984024
2024-12-14,Meta Ads,Shopping,Performance,Haircare,Argentina,195710,4481,2374.93,352,27223.39,0.022896121812886413,0.5299999999999999,6.7469602272727265,11.462817851473517
2024-11-12,TikTok Ads,Shopping,Performance,Haircare,Brazil,133148,9120,4560,279,83385.98,0.06849520833959204,0.5,16.344086021505376,18.286399122807016
2024-08-20,Google Ads,Search,Performance,Makeup,Brazil,152979,4650,3673.5,330,91949.73,0.03039632890788932,0.79,11.131818181818181,25.030551245406286
2024-01-08,Google Ads,Display,Branding,Haircare,Brazil,132600,6802,10407.06,97,6779.29,0.051297134238310706,1.53,107.28927835051546,0.651412598755076
2024-08-16,Meta Ads,Shopping,Performance,Skincare,Brazil,164096,1919,1266.54,139,7181.17,0.011694374024960999,0.66,9.11179856115108,5.669911728014907
2024-04-29,TikTok Ads,Search,Performance,Skincare,Argentina,72642,3014,3496.24,59,15070.44,0.041491148371465544,1.16,59.25830508474576,4.310470677070224
2024-09-23,Meta Ads,Display,Branding,Haircare,Mexico,88560,1319,685.88,81,8584.02,0.014893857271906053,0.52,8.467654320987654,12.515337959993003
2024-12-04,TikTok Ads,Search,Performance,Makeup,Argentina,22772,1045,992.75,38,5743.6,0.045889689091867206,0.95,26.125,5.785545202719718
2024-06-07,Meta Ads,Display,Branding,Skincare,Mexico,196675,4031,7941.07,186,27686.79,0.02049574170585992,1.97,42.6939247311828,3.4865314120137465
2024-09-25,TikTok Ads,Search,Performance,Makeup,Argentina,170396,10138,10949.04,494,99795.18,0.059496701800511746,1.08,22.164048582995953,9.11451414918568
2024-02-22,Meta Ads,Display,Branding,Haircare,Argentina,19743,619,773.75,41,9219.46,0.03135288456668186,1.25,18.871951219512194,11.91529563812601
2024-08-28,Google Ads,Search,Performance,Makeup,Argentina,94081,5588,15031.72,88,24757.88,0.059395627172330226,2.69,170.815,1.6470423876974825
2024-05-11,TikTok Ads,Display,Branding,Haircare,Brazil,179870,7500,10800,112,5446.79,0.04169678100850614,1.44,96.42857142857143,0.5043324074074074
2024-12-23,Meta Ads,Video,Branding,Haircare,Argentina,102088,4481,3271.13,316,87569.74,0.043893503643915054,0.73,10.351677215189873,26.770486039992296
2024-05-14,Google Ads,Search,Performance,Skincare,Argentina,140747,8571,27855.75,332,48279.89,0.060896502234505885,3.25,83.90286144578313,1.7332109169561043
2024-05-17,Google Ads,Search,Performance,Makeup,Mexico,88384,3641,4442.02,89,4077.32,0.041195238957277336,1.2200000000000002,49.91033707865169,0.917897713202552
2024-02-19,Google Ads,Display,Branding,Skincare,Argentina,126635,4254,5657.82,313,28110.42,0.03359260867848541,1.3299999999999998,18.076102236421725,4.96841893167333
2024-08-03,Meta Ads,Search,Performance,Makeup,Brazil,110603,2377,1640.13,62,2761.12,0.02149127962171008,0.6900000000000001,26.453709677419358,1.6834763098047105
2024-03-24,Google Ads,Shopping,Performance,Skincare,Argentina,94242,5466,9128.22,100,6794.77,0.057999618004711276,1.67,91.28219999999999,0.7443696580494337
2024-01-02,Meta Ads,Video,Branding,Haircare,Brazil,138639,2204,3967.2,154,35803.07,0.0158974026067701,1.7999999999999998,25.76103896103896,9.024770619076428
2024-03-30,Google Ads,Video,Branding,Haircare,Mexico,65282,1723,3290.93,64,16624.45,0.026393186483257253,1.91,51.42078125,5.051596357260714
2024-11-04,Google Ads,Video,Branding,Haircare,Argentina,149233,3686,3686,250,16524.46,0.024699630778715162,1,14.744,4.483033098209441
2024-02-14,Meta Ads,Video,Branding,Skincare,Argentina,83137,2045,2065.45,37,1798.59,0.024597952776742003,1.01,55.82297297297297,0.8707981311578591
2024-03-16,Meta Ads,Search,Performance,Skincare,Mexico,52779,596,649.64,35,3583.95,0.011292370071429924,1.09,18.56114285714286,5.516824702912382
2024-05-09,Google Ads,Shopping,Performance,Haircare,Argentina,173913,5860,20275.6,111,20779.66,0.03369500842375211,3.46,182.66306306306305,1.0248604233660163
2024-10-08,Meta Ads,Search,Performance,Haircare,Brazil,275853,8649,6173.9400000000005,511,84561.22,0.03135365575143283,0.7138328130419702,12.082074363992174,13.696475832288618
2024-10-20,Meta Ads,Display,Branding,Skincare,Brazil,78302,900,441,52,6354.23,0.011493959285841996,0.49,8.48076923076923,14.408684807256234
2024-11-04,Google Ads,Display,Branding,Skincare,Brazil,146779,5019,11142.18,349,91145.36,0.03419426484715116,2.22,31.926017191977078,8.180208899874172
2024-01-18,Google Ads,Display,Branding,Makeup,Argentina,55248,1646,4279.6,43,12311.15,0.029792933680857225,2.6,99.52558139534885,2.876705766894102
2024-11-10,Google Ads,Display,Branding,Skincare,Argentina,124774,3481,4212.01,113,4447.19,0.027898440380207414,1.21,37.274424778761066,1.0558355749392807
2024-03-02,Google Ads,Shopping,Performance,Skincare,Argentina,69839,1620,2041.2,80,22785.52,0.02319620842222827,1.26,25.515,11.162806192435822
2024-12-05,Google Ads,Shopping,Performance,Haircare,Argentina,134560,5947,16889.48,144,23257.77,0.04419589774078478,2.84,117.28805555555556,1.3770566056503812
2024-10-09,Meta Ads,Video,Branding,Skincare,Mexico,7402,91,189.28,6,1105.17,0.012293974601459066,2.08,31.546666666666667,5.838810228233306
2024-12-12,Meta Ads,Search,Performance,Haircare,Argentina,30457,606,351.48,34,4981.94,0.01989690383163148,0.5800000000000001,10.33764705882353,14.174177762603845
2024-08-14,Meta Ads,Shopping,Performance,Makeup,Mexico,156758,5823,6237.88,206,36899.93,0.03714642952831754,1.071248497338142,30.28097087378641,5.91546006014864
2024-02-23,TikTok Ads,Video,Branding,Skincare,Brazil,56672,2397,1150.56,138,33165.74,0.04229601919819311,0.48,8.337391304347825,28.825737032401612
2024-01-04,Meta Ads,Display,Branding,Haircare,Argentina,97152,1156,624.24,43,4965.75,0.011898880105401844,0.54,14.51720930232558,7.9548731257208765
2024-09-03,Meta Ads,Shopping,Performance,Makeup,Brazil,33834,906,797.28,23,2361.23,0.026777797481823018,0.88,34.66434782608695,2.9616069636765
2024-03-19,TikTok Ads,Search,Performance,Haircare,Brazil,169512,9475,13359.75,203,26995.02,0.055895747793666524,1.41,65.8115763546798,2.0206231404030763
2024-09-06,Google Ads,Shopping,Performance,Makeup,Brazil,101299,3504,6307.2,250,36776.35,0.034590667232647906,1.8,25.2288,5.830852042110604
2024-03-29,Meta Ads,Display,Branding,Haircare,Brazil,113668,2864,4496.48,81,6109.21,0.025196185381989655,1.5699999999999998,55.51209876543209,1.358665000177917
2024-10-03,Meta Ads,Display,Branding,Skincare,Brazil,186711,7748,4493.84,536,89187.58,0.04149728725142064,0.5800000000000001,8.384029850746268,19.846630053584462
2024-04-11,TikTok Ads,Search,Performance,Skincare,Brazil,269234,12210,10005.57,399,62183.72,0.04535088436081624,0.8194570024570025,25.07661654135338,6.214910294965704
2024-09-24,TikTok Ads,Shopping,Performance,Makeup,Argentina,138780,4135,3514.75,86,7373.66,0.029795359561896526,0.85,40.86918604651163,2.097918770894089
2024-03-06,Google Ads,Shopping,Performance,Haircare,Mexico,185903,4647,13755.12,342,58276.63,0.02499690698912874,2.96,40.21964912280702,4.236722762142387
2024-11-29,Meta Ads,Shopping,Performance,Skincare,Argentina,140678,5655,11705.85,154,7932.09,0.04019818308477516,2.0700000000000003,76.012012987013,0.6776176014556824
2024-02-25,Meta Ads,Search,Performance,Makeup,Mexico,129494,1631,3490.34,108,28288.04,0.012595178154972431,2.14,32.317962962962966,8.10466602107531
2024-12-04,Meta Ads,Search,Performance,Makeup,Argentina,186740,4182,2341.92,47,8643.08,0.022394773481846417,0.56,49.82808510638298,3.6905957504953197
2024-11-28,Google Ads,Video,Branding,Haircare,Brazil,24755,811,2011.28,8,1786.84,0.03276105837204605,2.48,251.41,0.8884093711467324
2024-09-27,Meta Ads,Display,Branding,Haircare,Argentina,8599,258,167.7,6,594.69,0.030003488777764858,0.6499999999999999,27.95,3.546153846153847
2024-07-11,Meta Ads,Video,Branding,Skincare,Mexico,194137,2640,6362.4,49,6668.85,0.013598644256375652,2.4099999999999997,129.84489795918367,1.0481657864956622
2024-09-15,Google Ads,Video,Branding,Skincare,Brazil,321460,11031,26142.5,458,26863.8,0.03431531139177502,2.36991206599583,57.0796943231441,1.0275910873099359
2024-11-02,Google Ads,Video,Branding,Skincare,Mexico,7802,340,805.8,14,799.08,0.04357856959753909,2.3699999999999997,57.55714285714286,0.9916604616530157
2024-03-21,Meta Ads,Search,Performance,Skincare,Argentina,198074,5783,3527.63,263,60037.86,0.029196159011278613,0.61,13.413041825095057,17.019318919501195
2024-09-25,Google Ads,Display,Branding,Makeup,Mexico,25195,738,1926.18,12,432.4,0.02929152609644771,2.61,160.51500000000001,0.22448576976191215
2024-02-17,Meta Ads,Display,Branding,Skincare,Brazil,104926,3273,4844.04,65,12449.27,0.031193412500238264,1.48,74.5236923076923,2.570018001502878
2024-09-20,Meta Ads,Shopping,Performance,Makeup,Brazil,166874,6641,4515.88,200,17225.95,0.039796493162505844,0.68,22.5794,3.814527843963967
2024-05-05,Google Ads,Video,Branding,Makeup,Mexico,43634,1937,4610.06,58,15065.19,0.04439198789934455,2.3800000000000003,79.48379310344828,3.267894561025236
2024-05-29,TikTok Ads,Shopping,Performance,Haircare,Brazil,37261,1591,1718.28,40,8930.04,0.042698800354257806,1.08,42.957,5.197080801731965
2024-08-07,TikTok Ads,Display,Branding,Skincare,Mexico,68642,3363,1244.31,37,8887.57,0.04899332770024183,0.37,33.629999999999995,7.142568973969509
2024-04-20,Meta Ads,Display,Branding,Skincare,Mexico,13100,186,279,10,1347.41,0.014198473282442748,1.5,27.9,4.829426523297491
2024-09-08,Meta Ads,Video,Branding,Makeup,Mexico,35755,672,1350.72,39,1411.24,0.01879457418542861,2.0100000000000002,34.63384615384616,1.044805733238569
2024-02-28,TikTok Ads,Shopping,Performance,Skincare,Brazil,50819,3206,3045.7,222,24319.42,0.06308664082331411,0.95,13.71936936936937,7.984837639951407
2024-05-12,TikTok Ads,Search,Performance,Haircare,Brazil,118483,8826,14915.94,570,139364.5,0.07449169923111332,1.69,26.168315789473684,9.343326669321545
2024-06-06,Meta Ads,Video,Branding,Skincare,Mexico,133684,2018,3470.96,44,11449.27,0.015095299362676161,1.72,78.88545454545455,3.2985888630234865
2024-03-23,Meta Ads,Display,Branding,Skincare,Mexico,63676,1757,2038.12,137,8830.01,0.027592813618945913,1.16,14.876788321167883,4.332428905069378
2024-09-06,Google Ads,Shopping,Performance,Makeup,Mexico,193613,9157,25548.03,458,127981.37,0.047295377893013385,2.79,55.78172489082969,5.00944182389014
2024-05-24,Meta Ads,Display,Branding,Haircare,Mexico,159044,2385,3935.25,184,35387.51,0.014995850204974724,1.65,21.387228260869566,8.992442665650213
2024-06-08,Meta Ads,Display,Branding,Haircare,Mexico,194674,3601,5221.45,165,8945.17,0.01849759084418053,1.45,31.645151515151515,1.713158222332877
2024-03-17,Google Ads,Search,Performance,Skincare,Brazil,138154,9518,21129.96,534,24562.44,0.06889413263459618,2.2199999999999998,39.569213483146065,1.1624461191597144
2024-10-24,Google Ads,Shopping,Performance,Skincare,Argentina,149064,5724,7555.68,369,107029.4,0.038399613588794075,1.32,20.47609756097561,14.165422569510618
2024-06-13,Google Ads,Video,Branding,Makeup,Brazil,16766,846,2081.16,34,7254.65,0.05045926279374925,2.46,61.21058823529411,3.48586845797536
2024-10-26,Google Ads,Shopping,Performance,Skincare,Brazil,189480,6290,22329.5,204,44620.04,0.03319611568503272,3.55,109.45833333333333,1.9982552229113952
2024-11-11,Meta Ads,Video,Branding,Skincare,Mexico,112518,1597,1724.76,105,25379.08,0.014193284630014753,1.08,16.426285714285715,14.714557387694521
2024-11-16,TikTok Ads,Display,Branding,Haircare,Mexico,13255,709,935.88,37,11059.11,0.053489249339871744,1.32,25.294054054054055,11.816803436337993
2024-06-15,Google Ads,Shopping,Performance,Makeup,Brazil,138135,7721,12816.86,112,4652.6,0.05589459586636262,1.6600000000000001,114.43625,0.3630062277344061
2024-12-02,Google Ads,Video,Branding,Skincare,Argentina,115760,2558,8160.02,164,37092.55,0.022097442985487215,3.1900000000000004,49.75621951219512,4.5456444959693725
2024-03-27,Meta Ads,Video,Branding,Skincare,Brazil,94786,2682,4023,155,6510.51,0.02829531787394763,1.5,25.954838709677418,1.6183221476510068
2024-04-25,Meta Ads,Display,Branding,Makeup,Argentina,144895,2158,4143.36,151,25541.81,0.014893543600538321,1.92,27.439470198675494,6.16451623802904
2024-09-10,Google Ads,Video,Branding,Skincare,Argentina,46583,2319,6400.44,50,11413.39,0.04978210935319752,2.76,128.00879999999998,1.7832195911531084
2024-04-11,Meta Ads,Video,Branding,Skincare,Brazil,5209,198,138.6,3,490.6,0.03801113457477443,0.7,46.199999999999996,3.53968253968254
2024-10-29,Google Ads,Shopping,Performance,Makeup,Brazil,46971,2437,4971.48,141,14817.7,0.051883076792063186,2.04,35.25872340425531,2.9805410058976407
2024-03-23,Meta Ads,Video,Branding,Skincare,Mexico,28593,694,1096.52,7,2098,0.024271674885461475,1.58,156.6457142857143,1.9133257943311568
2024-05-21,Google Ads,Video,Branding,Skincare,Brazil,30343,743,2266.15,39,7450.31,0.024486702040009228,3.0500000000000003,58.10641025641026,3.2876508615934514
2024-12-23,Google Ads,Search,Performance,Haircare,Mexico,186232,9292,22300.8,265,67766.02,0.049894754929335455,2.4,84.15396226415093,3.0387259649878033
2024-01-27,Google Ads,Display,Branding,Haircare,Mexico,86362,2547,3591.27,164,33307.3,0.029492137745767814,1.41,21.89798780487805,9.274518485104156
2024-03-10,Google Ads,Display,Branding,Skincare,Argentina,197459,5667,20174.52,105,17723.39,0.02869962878369687,3.56,192.13828571428573,0.8785036769152376
2024-04-24,Meta Ads,Video,Branding,Skincare,Argentina,138528,3698,8394.46,264,34788.99,0.026694964194964196,2.2699999999999996,31.797196969696966,4.144279679693512
2024-03-22,TikTok Ads,Shopping,Performance,Skincare,Mexico,40308,3853,4199.77,291,33059.93,0.09558896496973306,1.09,14.432199312714777,7.871842981877578
2024-05-26,TikTok Ads,Display,Branding,Haircare,Brazil,145631,4194,3522.96,59,15427.34,0.02879881343944627,0.84,59.71118644067797,4.379084633376479
2024-01-11,Meta Ads,Shopping,Performance,Skincare,Brazil,144993,2783,4091.01,120,10562.14,0.019194030056623422,1.47,34.091750000000005,2.5817927602230255
2024-09-01,Google Ads,Shopping,Performance,Haircare,Brazil,184976,6270,16678.2,412,40433.91,0.03389628924833492,2.66,40.48106796116505,2.4243569449940643
2024-06-10,Google Ads,Search,Performance,Makeup,Brazil,119235,5258,5783.8,141,24150.02,0.04409779007841657,1.1,41.01985815602837,4.175459040769044
2024-08-14,Google Ads,Shopping,Performance,Haircare,Argentina,127211,3968,10435.84,194,37337.18,0.031192271108630543,2.63,53.79298969072165,3.577783867901386
2024-05-25,Google Ads,Shopping,Performance,Skincare,Brazil,194928,9161,17222.68,571,17839.23,0.04699683985881967,1.8800000000000001,30.16231173380035,1.0357987258661254
2024-07-03,Google Ads,Video,Branding,Haircare,Mexico,82604,5146,14820.48,75,11977.45,0.06229722531596533,2.88,197.6064,0.8081688312389343
2024-02-23,Google Ads,Shopping,Performance,Skincare,Brazil,143723,4254,4849.56,281,41783.61,0.029598602868016948,1.1400000000000001,17.258220640569398,8.615958973597603
2024-01-13,Meta Ads,Display,Branding,Makeup,Mexico,70180,736,1030.4,45,2168.72,0.01048731832430892,1.4000000000000001,22.89777777777778,2.10473602484472
2024-12-01,Google Ads,Search,Performance,Haircare,Brazil,177256,4059,8889.21,138,32140.46,0.02289908381098524,2.19,64.4145652173913,3.615671133880289
2024-12-23,Google Ads,Search,Performance,Skincare,Argentina,51986,1996,3053.88,82,20819.66,0.038394952487208096,1.53,37.242439024390244,6.8174453482127655
2024-03-07,Google Ads,Shopping,Performance,Makeup,Brazil,20718,426,1128.9,22,1505.14,0.020561830292499274,2.6500000000000004,51.31363636363637,1.333280184250155
2024-08-29,Google Ads,Display,Branding,Haircare,Mexico,96676,5326,8894.42,355,14113.5,0.05509123257064835,1.67,25.05470422535211,1.5867813752892264
2024-05-17,Meta Ads,Video,Branding,Skincare,Brazil,82948,2347,5421.57,65,10510.94,0.028294835318512804,2.31,83.40876923076922,1.9387262361271738
2024-10-13,Google Ads,Search,Performance,Makeup,Argentina,197557,4326,5104.68,259,39016.05,0.021897477689983146,1.1800000000000002,19.70918918918919,7.643192129575214
2024-03-06,Meta Ads,Shopping,Performance,Haircare,Brazil,230479,6901,5387.139999999999,339,65419.82,0.02994199037656359,0.7806317924938414,15.89126843657817,12.143701481676736
2024-12-14,Meta Ads,Search,Performance,Haircare,Mexico,114575,2039,1080.67,113,10656.96,0.017796203360244383,0.53,9.56345132743363,9.861437811727908
2024-06-13,Google Ads,Shopping,Performance,Skincare,Brazil,132157,2999,2789.07,152,21855.26,0.022692706402233708,0.93,18.349144736842106,7.836038536142871
2024-08-18,Meta Ads,Search,Performance,Haircare,Mexico,50893,1124,1584.84,29,2707.5,0.022085552040555675,1.41,54.64965517241379,1.7083743469372303
2024-12-15,Google Ads,Shopping,Performance,Skincare,Brazil,119014,5938,17101.44,95,23773.95,0.049893289865057894,2.88,180.01515789473683,1.3901724065341867
2024-09-11,Meta Ads,Display,Branding,Makeup,Argentina,28567,999,1688.31,68,13037.25,0.03497042041516435,1.69,24.828088235294118,7.722071183609645
2024-02-07,Meta Ads,Shopping,Performance,Haircare,Mexico,101019,2515,4250.35,72,11353.12,0.02489630663538542,1.6900000000000002,59.0326388888889,2.671102379804016
2024-12-19,TikTok Ads,Display,Branding,Haircare,Brazil,105127,7747,6817.36,460,99299.9,0.07369182036964814,0.88,14.820347826086955,14.565740990647406
2024-04-11,TikTok Ads,Video,Branding,Skincare,Brazil,195026,9653,17664.99,371,94022.57,0.04949596464061202,1.83,47.6145283018868,5.322537403078066
2024-06-12,Google Ads,Shopping,Performance,Makeup,Brazil,70618,3601,8030.23,145,7976.29,0.050992664759692996,2.23,55.380896551724135,0.9932828823084769
2024-05-16,Google Ads,Video,Branding,Haircare,Mexico,20534,993,2849.91,49,1762.93,0.04835881951884679,2.8699999999999997,58.161428571428566,0.6185914642918549
2024-11-08,Meta Ads,Shopping,Performance,Haircare,Brazil,81848,1694,2185.26,58,7573.87,0.020696901573648716,1.29,37.67689655172414,3.4658896424224115
2024-07-26,Google Ads,Search,Performance,Skincare,Brazil,179701,6755,20800.64,238,53063.65,0.03759021930874063,3.0792953367875646,87.39764705882352,2.551058525122304
2024-08-31,Google Ads,Display,Branding,Haircare,Mexico,49757,1243,3903.02,39,4749.9,0.02498140965090339,3.14,100.07743589743589,1.2169806969987342
2024-06-23,Google Ads,Search,Performance,Haircare,Mexico,170083,7818,11850.64,473,26012.29,0.04596579317156917,1.515814786390381,25.054207188160674,2.195011408666536
2024-12-23,TikTok Ads,Video,Branding,Makeup,Mexico,125419,4126,3507.1,294,32829.78,0.032897726819700365,0.85,11.92891156462585,9.360947791622708
2024-04-14,TikTok Ads,Search,Performance,Haircare,Mexico,98348,3225,4095.75,59,2846.94,0.03279171920120389,1.27,69.41949152542372,0.6950961362387841
2024-06-15,TikTok Ads,Shopping,Performance,Skincare,Argentina,147355,7485,6811.35,81,14520.06,0.05079569746530488,0.91,84.09074074074074,2.1317448082979142
2024-02-26,Meta Ads,Shopping,Performance,Skincare,Brazil,125871,3083,5302.76,185,27759.15,0.02449333047326231,1.72,28.66356756756757,5.234849399180804
2024-03-26,TikTok Ads,Shopping,Performance,Skincare,Brazil,93478,5786,2430.12,272,27905.19,0.06189691692162862,0.42,8.934264705882352,11.483050219742235
2024-03-13,Meta Ads,Shopping,Performance,Skincare,Brazil,156043,4478,5955.74,193,22322.38,0.028697218074505104,1.3299999999999998,30.858756476683936,3.7480447433904103
2024-11-23,Google Ads,Display,Branding,Haircare,Brazil,214334,11179,25423.449999999997,290,33562.58,0.05215691397538421,2.274215046068521,87.66706896551723,1.3201426242307792
2024-08-09,TikTok Ads,Video,Branding,Skincare,Mexico,122408,6671,7805.07,293,67215.82,0.05449807202143651,1.17,26.638464163822526,8.611815140671386
2024-03-01,Google Ads,Search,Performance,Makeup,Brazil,86678,2158,3129.1,163,27708.88,0.024896744271902905,1.45,19.196932515337423,8.855223546706721
2024-04-04,Google Ads,Search,Performance,Haircare,Argentina,84303,4417,13781.04,100,20354.89,0.052394339465973924,3.12,137.81040000000002,1.4770213278533404
2024-09-10,Google Ads,Shopping,Performance,Haircare,Brazil,145508,7158,10307.52,566,76404.29,0.04919317150947027,1.4400000000000002,18.21116607773852,7.412480402657477
2024-09-17,Meta Ads,Video,Branding,Haircare,Mexico,20021,462,725.34,20,4554.08,0.02307577044103691,1.57,36.267,6.278545233959246
2024-03-27,Meta Ads,Video,Branding,Skincare,Mexico,61387,1608,3360.72,96,12312.27,0.02619447114209849,2.09,35.0075,3.6635810183532103
2024-11-16,Meta Ads,Search,Performance,Skincare,Mexico,151539,3455,7082.75,135,4666.78,0.022799411372649944,2.05,52.464814814814815,0.6588937912533973
2024-02-20,Meta Ads,Display,Branding,Skincare,Mexico,148859,3840,6912,250,22027.39,0.025796223271686628,1.8,27.648,3.1868330439814816
2024-01-31,Google Ads,Display,Branding,Skincare,Mexico,64739,1599,5212.74,109,22723.24,0.024699176694110196,3.26,47.82330275229358,4.359173870171926
2024-08-17,Google Ads,Display,Branding,Skincare,Brazil,41375,2350,5170,148,14702.27,0.056797583081571,2.2,34.932432432432435,2.8437659574468084
2024-05-31,Meta Ads,Video,Branding,Makeup,Brazil,196929,2382,3096.6,143,38447.59,0.012095729933123106,1.3,21.654545454545453,12.416066007879609
2024-09-28,Meta Ads,Display,Branding,Makeup,Brazil,92844,3277,5931.37,63,10318.61,0.03529576493903753,1.81,94.14873015873016,1.7396672269644282
2024-08-21,TikTok Ads,Search,Performance,Haircare,Brazil,47278,2803,4737.07,201,39448.18,0.059287617919539744,1.69,23.567512437810944,8.327548463501701
2024-01-30,Meta Ads,Video,Branding,Haircare,Argentina,57776,1490,1758.2,107,22435.51,0.02578925505400166,1.18,16.43177570093458,12.76049937436014
2024-09-25,Meta Ads,Shopping,Performance,Skincare,Brazil,178916,4723,7273.42,147,29612.74,0.026397862684164636,1.54,49.47904761904762,4.071363952583517
2024-04-05,Google Ads,Video,Branding,Skincare,Mexico,177115,8005,23214.5,460,108688.43,0.045196623662592104,2.9,50.46630434782609,4.681919920739193
2024-09-07,Google Ads,Shopping,Performance,Haircare,Brazil,91150,4119,15775.77,98,4547.95,0.04518924849149753,3.83,160.9772448979592,0.28828703765331265
2024-04-26,Google Ads,Video,Branding,Skincare,Brazil,86560,5323,4843.93,94,8283.62,0.061494916820702406,0.91,51.53117021276596,1.7101031600374077
2024-04-07,Meta Ads,Shopping,Performance,Skincare,Mexico,49261,724,448.88,31,1397.37,0.014697224985282475,0.62,14.48,3.113014614150775
2024-10-09,TikTok Ads,Search,Performance,Makeup,Mexico,128295,4695,3943.8,276,42279.01,0.03659534666198994,0.8400000000000001,14.28913043478261,10.720373751204422
2024-03-05,Meta Ads,Search,Performance,Skincare,Mexico,187461,2511,4268.7,189,16540.06,0.013394786115512026,1.7,22.585714285714285,3.874730011478905
2024-07-13,Google Ads,Shopping,Performance,Haircare,Argentina,98375,1898,6358.3,45,2253.91,0.019293519695044472,3.35,141.29555555555555,0.3544831165563122
2024-12-20,Meta Ads,Display,Branding,Skincare,Mexico,86099,2910,6372.9,194,39485.52,0.03379830195472654,2.19,32.85,6.195848044061573
2024-03-29,TikTok Ads,Video,Branding,Haircare,Argentina,134132,4694,3849.08,306,52932.5,0.03499537768765097,0.82,12.578692810457516,13.751987487919191
2024-04-18,Meta Ads,Shopping,Performance,Makeup,Mexico,78480,1389,2347.41,19,2972.32,0.017698776758409786,1.69,123.5478947368421,1.2662125491499143
2024-10-27,Google Ads,Video,Branding,Skincare,Brazil,75410,3039,2887.05,239,29467.42,0.04029969500066304,0.9500000000000001,12.079707112970713,10.206757763114597
2024-04-19,Meta Ads,Shopping,Performance,Haircare,Mexico,92091,3342,4946.16,145,37976.42,0.0362901912238981,1.48,34.11144827586207,7.67796027625471
2024-06-08,Meta Ads,Shopping,Performance,Skincare,Mexico,12712,212,360.4,9,375.03,0.01667715544367527,1.7,40.044444444444444,1.0405937846836848
2024-10-25,Google Ads,Display,Branding,Skincare,Argentina,158481,6053,9866.39,116,30091.81,0.03819385289088282,1.63,85.05508620689655,3.0499311298256
2024-07-21,TikTok Ads,Display,Branding,Skincare,Brazil,179039,14663,19941.68,1151,281693.26,0.08189835734113797,1.36,17.325525629887053,14.125853990235527
2024-02-29,Meta Ads,Display,Branding,Haircare,Brazil,148463,4810,10149.1,286,68709.26,0.03239864478018092,2.11,35.486363636363635,6.769985515957079
2024-04-16,Meta Ads,Display,Branding,Skincare,Brazil,179504,5026,5578.86,203,10121.88,0.027999376058472233,1.1099999999999999,27.48206896551724,1.8143276583388004
2024-07-25,Meta Ads,Video,Branding,Haircare,Argentina,62194,2039,3751.76,129,23854.38,0.03278451297552819,1.84,29.08341085271318,6.358183892359852
2024-05-09,TikTok Ads,Video,Branding,Makeup,Mexico,126854,7243,5866.83,474,55705.28,0.0570971352893878,0.8099999999999999,12.377278481012658,9.494953833671676
2024-02-08,TikTok Ads,Search,Performance,Haircare,Argentina,17911,1148,1320.2,52,3388.21,0.06409469041371224,1.1500000000000001,25.388461538461538,2.56643690349947
2024-05-13,Meta Ads,Shopping,Performance,Haircare,Brazil,32488,919,1773.67,32,7341.13,0.02828736764343758,1.9300000000000002,55.4271875,4.138949184459341
2024-07-17,Meta Ads,Shopping,Performance,Skincare,Argentina,152932,6591,8238.75,200,14211.23,0.04309758585515131,1.25,41.19375,1.7249255044758003
2024-04-22,TikTok Ads,Shopping,Performance,Haircare,Brazil,35932,1440,1310.4,68,16668.75,0.04007569854168986,0.91,19.27058823529412,12.720352564102564
2024-07-07,Meta Ads,Shopping,Performance,Skincare,Argentina,8608,100,58,3,661.12,0.011617100371747211,0.58,19.333333333333332,11.398620689655173
2024-08-19,Meta Ads,Search,Performance,Makeup,Brazil,19284,642,1007.94,21,5907.29,0.03329184816428127,1.57,47.99714285714286,5.860755600531777
2024-04-02,Google Ads,Shopping,Performance,Haircare,Brazil,119183,5041,17038.58,121,25438.17,0.04229630064690434,3.3800000000000003,140.81471074380167,1.4929747666765656
2024-08-29,Google Ads,Search,Performance,Makeup,Brazil,37827,2072,1678.32,133,19268.21,0.054775689322441645,0.8099999999999999,12.618947368421052,11.48065327231994
2024-05-02,Google Ads,Display,Branding,Skincare,Argentina,127232,3867,11407.65,177,6676.28,0.030393297283702214,2.9499999999999997,64.45,0.5852458657129207
2024-04-16,Google Ads,Search,Performance,Haircare,Brazil,145284,8121,21601.86,503,135453.16,0.05589741471875774,2.66,42.946043737574556,6.270439675102051
2024-04-09,TikTok Ads,Display,Branding,Skincare,Argentina,48898,3193,2841.77,179,27594.33,0.06529919424107325,0.89,15.875810055865921,9.71026156233615
2024-06-30,Google Ads,Shopping,Performance,Skincare,Brazil,79681,2916,6823.44,184,46327.26,0.036595926255945585,2.34,37.08391304347826,6.789428792515213
2024-03-20,Meta Ads,Shopping,Performance,Skincare,Argentina,25243,580,1148.4,13,3883.09,0.022976666798716475,1.9800000000000002,88.33846153846154,3.3813044235458025
2024-07-23,TikTok Ads,Video,Branding,Skincare,Mexico,51557,2882,3602.5,135,6028.08,0.05589929592489866,1.25,26.685185185185187,1.6733046495489243
2024-02-22,Meta Ads,Search,Performance,Haircare,Brazil,63952,1451,3250.24,86,25126.44,0.022688891668751564,2.2399999999999998,37.79348837209302,7.7306414295559716
2024-02-22,Google Ads,Display,Branding,Skincare,Brazil,31885,1613,1629.13,67,19023.45,0.050588050807589775,1.01,24.31537313432836,11.677060762492864
2024-06-27,Google Ads,Display,Branding,Haircare,Brazil,36391,1684,6045.56,18,4868.51,0.046275177928608725,3.5900000000000003,335.8644444444445,0.8053033962114345
2024-10-24,TikTok Ads,Video,Branding,Haircare,Argentina,193151,12168,13749.84,612,109401,0.0629973440468856,1.1300000000000001,22.467058823529413,7.956528948700494
2024-12-05,Meta Ads,Search,Performance,Skincare,Mexico,129790,5697,2962.44,223,58627.34,0.04389398258725634,0.52,13.284484304932736,19.79022022386951
2024-04-26,Meta Ads,Search,Performance,Makeup,Brazil,26845,528,1098.24,11,1590.52,0.019668467126094245,2.08,99.84,1.4482444638694638
2024-08-23,Meta Ads,Display,Branding,Skincare,Brazil,6903,225,432,7,513.46,0.03259452411994785,1.92,61.714285714285715,1.188564814814815
2024-03-20,TikTok Ads,Video,Branding,Skincare,Brazil,191380,8171,4085.5,572,155778.92,0.042695161458877626,0.5,7.1424825174825175,38.12970750214173
2024-08-11,Meta Ads,Search,Performance,Haircare,Mexico,123372,3355,7716.5,224,57352.38,0.027194176960736633,2.3,34.448660714285715,7.4324343938314
2024-12-24,Google Ads,Search,Performance,Makeup,Brazil,104464,4314,9749.64,82,10226.11,0.041296523204166026,2.26,118.8980487804878,1.0488705223987758
2024-09-21,TikTok Ads,Display,Branding,Skincare,Brazil,155929,6408,6215.76,481,51123.92,0.041095626855812584,0.9700000000000001,12.922577962577963,8.224886417751007
2024-09-15,Google Ads,Video,Branding,Makeup,Mexico,136460,4462,3926.56,322,59937.98,0.03269822658654551,0.88,12.194285714285714,15.264755918666722
2024-08-08,TikTok Ads,Search,Performance,Makeup,Brazil,43635,2469,2987.49,133,19667.27,0.05658301821931935,1.21,22.462330827067667,6.583208646723504
2024-04-20,TikTok Ads,Shopping,Performance,Haircare,Brazil,141268,7402,9178.48,335,31326.97,0.05239686270068239,1.24,27.398447761194028,3.4130890953621953
2024-07-08,TikTok Ads,Video,Branding,Haircare,Brazil,170011,10149,5581.95,110,29617.76,0.05969613730876237,0.5499999999999999,50.745,5.305988050770788
2024-12-02,Meta Ads,Search,Performance,Haircare,Brazil,127155,3089,3861.25,95,23894.64,0.0242931854822854,1.25,40.64473684210526,6.188317254775008
2024-02-05,Meta Ads,Video,Branding,Skincare,Argentina,145510,5805,6037.2,166,30713.7,0.03989416534946052,1.04,36.36867469879518,5.08740806996621
2024-03-30,TikTok Ads,Video,Branding,Haircare,Argentina,98386,7556,2644.6,385,43735.3,0.07679954465066167,0.35,6.869090909090909,16.537586024351512
2024-05-07,Google Ads,Search,Performance,Haircare,Mexico,15589,285,336.3,10,1359.76,0.018282122009108986,1.18,33.63,4.043294677371394
2024-03-09,Meta Ads,Video,Branding,Skincare,Argentina,79266,2425,1746,104,20287.27,0.030593192541568896,0.72,16.78846153846154,11.619284077892326
2024-11-12,Meta Ads,Display,Branding,Haircare,Brazil,54031,2215,3676.9,157,22778.62,0.04099498436082989,1.6600000000000001,23.419745222929937,6.195061056868557
2024-01-20,TikTok Ads,Video,Branding,Skincare,Brazil,153145,7197,7340.94,89,6214.05,0.04699467824610663,1.02,82.48247191011235,0.8464924110536254
2024-01-16,TikTok Ads,Video,Branding,Makeup,Argentina,62868,2715,4344,180,35590.01,0.043185722466119486,1.6,24.133333333333333,8.192912062615102
2024-12-27,TikTok Ads,Shopping,Performance,Haircare,Brazil,131956,7772,2253.88,211,23120.58,0.05889842068568311,0.29000000000000004,10.681895734597157,10.25812376878982
2024-10-15,TikTok Ads,Search,Performance,Skincare,Mexico,17666,724,267.88,23,5220.85,0.04098267859164497,0.37,11.64695652173913,19.489510228460507
2024-11-01,Google Ads,Video,Branding,Skincare,Mexico,34592,1615,1857.25,116,4344.96,0.04668709528214616,1.15,16.010775862068964,2.339458877372459
2024-08-29,Google Ads,Shopping,Performance,Skincare,Brazil,105386,3783,6885.06,130,36776.35,0.03589660865769647,1.82,52.962,5.341471243533099
2024-05-24,Meta Ads,Shopping,Performance,Haircare,Argentina,172516,6314,4546.08,335,82096.8,0.03659950381413898,0.72,13.570388059701493,18.058811107591595
2024-08-23,Meta Ads,Display,Branding,Makeup,Argentina,187099,2469,2049.27,103,3413.17,0.013196222320803424,0.83,19.895825242718445,1.6655540753536626
2024-09-10,Google Ads,Video,Branding,Haircare,Mexico,176616,6220,14046.3,235,66907.57,0.03521764732527064,2.258247588424437,59.77148936170212,4.763359034051673
2024-12-24,Meta Ads,Display,Branding,Haircare,Mexico,150544,2890,4913,170,47769.42,0.019197045382080988,1.7,28.9,9.723065336861389
2024-10-12,Google Ads,Search,Performance,Haircare,Brazil,185488,3950,5490.5,289,75172.15,0.02129517812473044,1.39,18.998269896193772,13.691312266642381
2024-07-08,Meta Ads,Search,Performance,Makeup,Argentina,22543,333,496.17,12,642.18,0.014771769507164086,1.49,41.347500000000004,1.2942741399117237
2024-04-13,TikTok Ads,Video,Branding,Haircare,Mexico,79965,3070,3131.4,237,65306,0.03839179641092978,1.02,13.212658227848102,20.85520853292457
2024-12-20,Google Ads,Search,Performance,Haircare,Brazil,72055,1678,5319.26,41,8506.9,0.02328776628963986,3.17,129.73804878048782,1.599263807371702
2024-06-23,Google Ads,Search,Performance,Skincare,Mexico,119397,3868,6962.4,193,35393.3,0.03239612385570827,1.7999999999999998,36.074611398963725,5.0834913248305185
2024-10-26,Meta Ads,Display,Branding,Haircare,Mexico,115986,1357,2008.36,79,8002.44,0.01169968789336644,1.48,25.422278481012658,3.9845645203051245
2024-02-08,Meta Ads,Search,Performance,Haircare,Mexico,151480,2514,5178.84,72,4076.45,0.016596250330076577,2.06,71.92833333333334,0.787135729236663
2024-03-17,TikTok Ads,Search,Performance,Haircare,Argentina,132992,7926,5072.64,553,41271.28,0.0595975697786333,0.64,9.172947558770344,8.136055387332828
2024-08-17,Meta Ads,Search,Performance,Skincare,Argentina,194073,6346,11422.8,168,9921.38,0.032699035929779,1.7999999999999998,67.99285714285713,0.868559372483104
2024-04-05,Meta Ads,Display,Branding,Haircare,Brazil,69892,2851,2223.78,52,11407.42,0.04079150689635438,0.78,42.765,5.129743050121864
2024-07-12,Meta Ads,Display,Branding,Makeup,Argentina,12452,280,344.4,18,4734.22,0.0224863475746868,1.23,19.133333333333333,13.746283391405344
2024-04-13,Google Ads,Video,Branding,Haircare,Argentina,192135,10663,18980.14,741,213823.36,0.05549743669815494,1.78,25.61422402159244,11.265636607527657
2024-08-19,Google Ads,Shopping,Performance,Haircare,Mexico,33756,2150,4665.5,108,7948.11,0.06369238061381681,2.17,43.199074074074076,1.7035923266530917
2024-06-27,TikTok Ads,Display,Branding,Haircare,Brazil,112392,4934,8091.76,363,91221.43,0.04389992170261228,1.6400000000000001,22.291349862258954,11.273373159856446
2024-04-27,Google Ads,Shopping,Performance,Haircare,Brazil,182926,6749,13093.06,343,53279.93,0.03689470058930934,1.94,38.17218658892128,4.069326039902055
2024-01-07,Meta Ads,Video,Branding,Haircare,Brazil,193384,4069,6909.67,234,56709.92,0.02104103752120134,1.6981248463996068,29.528504273504275,8.207326833264107
2024-08-07,TikTok Ads,Video,Branding,Skincare,Brazil,41307,1367,779.19,92,6211.99,0.033093664512068174,0.5700000000000001,8.469456521739131,7.972368741898637
2024-06-19,TikTok Ads,Display,Branding,Haircare,Brazil,99202,6428,9899.12,165,34456.26,0.06479708070401806,1.54,59.994666666666674,3.4807397021149353
2024-07-14,Google Ads,Shopping,Performance,Makeup,Brazil,46846,2183,7334.88,46,5098.84,0.04659949622166247,3.36,159.45391304347825,0.695149750234496
2024-09-04,Google Ads,Video,Branding,Haircare,Mexico,154805,9535,9153.6,525,18155.37,0.061593617777203576,0.9600000000000001,17.435428571428574,1.9834130833770318
2024-06-17,Meta Ads,Shopping,Performance,Skincare,Argentina,127872,2953,1742.27,150,15282.38,0.023093405905905907,0.59,11.615133333333333,8.771533688808278
2024-06-26,Google Ads,Shopping,Performance,Haircare,Brazil,133588,6545,10995.6,241,34421.71,0.048993921609725426,1.6800000000000002,45.62489626556017,3.1304985630615882
2024-07-17,Google Ads,Video,Branding,Haircare,Brazil,113500,7604,9885.2,340,21520.64,0.06699559471365639,1.3,29.074117647058827,2.1770566098814386
2024-05-28,Google Ads,Display,Branding,Haircare,Brazil,169909,7781,19452.5,124,26123.28,0.04579510208405676,2.5,156.875,1.3429266161161804
2024-05-25,Google Ads,Search,Performance,Makeup,Argentina,65107,1777,2896.51,128,29612.56,0.027293532185479287,1.6300000000000001,22.628984375,10.2235310770548
2024-05-18,Meta Ads,Search,Performance,Haircare,Brazil,14491,259,440.3,3,260.32,0.017873162652680973,1.7,146.76666666666668,0.5912332500567794
2024-07-14,Meta Ads,Search,Performance,Skincare,Argentina,165552,4337,9628.14,132,21448.35,0.02619720691988016,2.2199999999999998,72.94045454545454,2.2276732577631817
2024-01-25,TikTok Ads,Search,Performance,Makeup,Argentina,46420,1880,3572,113,5769.59,0.040499784575613956,1.9,31.61061946902655,1.6152267637178053
2024-08-20,Google Ads,Shopping,Performance,Makeup,Brazil,161926,5424,17844.96,87,11807.21,0.033496782480886333,3.29,205.11448275862068,0.6616551676215581
2024-02-10,Google Ads,Shopping,Performance,Haircare,Argentina,167717,4142,7165.66,71,15937.54,0.02469636351711514,1.73,100.92478873239436,2.224155206917437
2024-01-21,TikTok Ads,Display,Branding,Skincare,Brazil,92273,6237,8794.17,291,72065.02,0.06759290366629458,1.41,30.220515463917526,8.194635764375718
2024-05-19,Google Ads,Display,Branding,Skincare,Mexico,64567,1439,3295.31,64,4231.38,0.02228692675825112,2.29,51.48921875,1.2840612871019723
2024-10-29,Meta Ads,Display,Branding,Haircare,Argentina,152996,3136,5613.44,82,6472.17,0.020497267902428822,1.7899999999999998,68.45658536585366,1.1529774968646678
2024-11-01,TikTok Ads,Shopping,Performance,Skincare,Brazil,139607,10289,9362.99,580,94107.07,0.07369974284957058,0.91,16.14308620689655,10.050963420873034
2024-03-09,Google Ads,Video,Branding,Haircare,Argentina,92340,2502,4903.92,153,27593.24,0.02709551656920078,1.96,32.051764705882356,5.626772051746358
2024-12-30,TikTok Ads,Search,Performance,Skincare,Argentina,61950,4076,1222.8,97,26763.8,0.06579499596448748,0.3,12.606185567010309,21.88730781812234
2024-12-03,TikTok Ads,Search,Performance,Skincare,Mexico,156601,8628,2674.68,362,23745.71,0.0550954336179207,0.31,7.388618784530387,8.87796297127133
2024-10-20,Google Ads,Search,Performance,Haircare,Brazil,91491,4053,7052.22,140,19432.37,0.044299439289110405,1.74,50.373000000000005,2.7554968506371043
2024-09-15,Meta Ads,Display,Branding,Haircare,Brazil,196432,6501,2600.4,462,52195.74,0.033095422334446525,0.4,5.628571428571429,20.072196585140745
2024-12-07,Meta Ads,Display,Branding,Skincare,Brazil,122512,4532,8338.88,61,5305.8,0.036992294632362546,1.8399999999999999,136.7029508196721,0.6362724970259795
2024-10-27,Meta Ads,Display,Branding,Makeup,Mexico,100561,3781,5255.59,124,34626.86,0.03759906922166645,1.3900000000000001,42.383790322580644,6.588577115033707
2024-07-25,Meta Ads,Video,Branding,Makeup,Brazil,93257,1930,2547.6,102,26767.95,0.02069549738893595,1.32,24.976470588235294,10.507124352331607
2024-04-06,TikTok Ads,Video,Branding,Haircare,Brazil,60438,5554,7997.76,286,35506.6,0.09189582712862769,1.44,27.964195804195803,4.439568079062137
2024-09-10,Google Ads,Shopping,Performance,Makeup,Brazil,104969,5773,8197.66,142,24245.52,0.054997189646467055,1.42,57.73,2.957614733960667
2024-04-16,Meta Ads,Shopping,Performance,Makeup,Mexico,119053,4000,4040,152,25959.16,0.033598481348643044,1.01,26.57894736842105,6.425534653465347
2024-08-07,Google Ads,Display,Branding,Haircare,Argentina,90550,3966,10946.16,207,7960.57,0.04379900607399227,2.76,52.88,0.7272477288839191
2024-08-28,Google Ads,Video,Branding,Haircare,Brazil,145119,9998,14597.08,233,60859.85,0.06889518257430109,1.46,62.64841201716738,4.16931674006034
2024-03-28,Meta Ads,Shopping,Performance,Makeup,Argentina,124870,2622,4404.96,140,13095.31,0.020997837751261312,1.68,31.464,2.9728555991427843
2024-09-01,Google Ads,Search,Performance,Skincare,Brazil,27778,1902,2948.1,125,15444.21,0.06847145222838218,1.55,23.584799999999998,5.238699501373766
2024-10-23,Meta Ads,Video,Branding,Skincare,Mexico,81313,1089,1557.27,77,3549.91,0.013392692435403933,1.43,20.224285714285713,2.2795725853577093
2024-01-31,TikTok Ads,Shopping,Performance,Skincare,Argentina,174668,10916,6877.08,310,37599.64,0.06249570613964779,0.63,22.184129032258063,5.467384413152094
2024-05-17,Google Ads,Display,Branding,Makeup,Argentina,107885,3344,6988.96,262,51456.48,0.030995967928813088,2.09,26.675419847328243,7.362537487694879
2024-12-08,Meta Ads,Shopping,Performance,Makeup,Mexico,67714,738,819.18,17,1445.84,0.010898780163629383,1.1099999999999999,48.18705882352941,1.7649844966918138
2024-09-11,Meta Ads,Display,Branding,Makeup,Mexico,38762,1007,684.76,16,3871.2,0.02597905164852175,0.6799999999999999,42.7975,5.653367603247853
2024-11-16,Meta Ads,Video,Branding,Haircare,Mexico,55333,852,894.6,66,12295.52,0.015397683118573003,1.05,13.554545454545455,13.744153811759446
2024-04-22,Google Ads,Search,Performance,Skincare,Brazil,160525,6003,10025.01,106,12306.27,0.03739604422987074,1.67,94.57556603773585,1.2275568802425134
2024-08-27,Meta Ads,Search,Performance,Makeup,Brazil,53865,1098,1405.44,67,2545.35,0.020384294068504595,1.28,20.97671641791045,1.8110698428961747
2024-01-07,Google Ads,Video,Branding,Makeup,Brazil,25080,1113,2916.06,49,2232.61,0.04437799043062201,2.62,59.51142857142857,0.7656255358257376
2024-05-17,TikTok Ads,Shopping,Performance,Makeup,Brazil,72986,3379,5980.83,188,17387.72,0.04629655002329214,1.77,31.812925531914892,2.907241971432059
2024-11-03,Meta Ads,Search,Performance,Skincare,Mexico,128355,1758,3269.88,122,6205.33,0.01369638892135094,1.86,26.802295081967213,1.8977240755012414
2024-05-31,Google Ads,Display,Branding,Skincare,Mexico,117000,7979,11729.13,366,14373.81,0.0681965811965812,1.47,32.04680327868852,1.2254796391548222
2024-12-10,Google Ads,Shopping,Performance,Haircare,Mexico,103902,3927,4555.32,215,37434.38,0.03779523012069065,1.16,21.18753488372093,8.217727843488493
2024-12-20,TikTok Ads,Display,Branding,Haircare,Argentina,153936,5895,5246.55,373,85268.07,0.03829513564078578,0.89,14.065817694369974,16.252217171283988
2024-06-11,Meta Ads,Shopping,Performance,Haircare,Brazil,16344,534,480.6,11,465.35,0.03267254038179148,0.9,43.690909090909095,0.9682688306283812
2024-04-28,Meta Ads,Video,Branding,Haircare,Brazil,181026,2769,2935.14,155,18246.01,0.015296145305094296,1.06,18.936387096774194,6.2164019433485285
2024-06-22,Meta Ads,Search,Performance,Makeup,Argentina,81023,1944,2546.64,146,32752.99,0.02399318711970675,1.3099999999999998,17.442739726027398,12.861256400590584
2024-07-29,Meta Ads,Video,Branding,Skincare,Argentina,24750,747,888.93,48,1738.76,0.03018181818181818,1.19,18.519375,1.9560145343277875
2024-09-19,Meta Ads,Video,Branding,Haircare,Mexico,32559,553,392.63,6,1500.74,0.016984551122577476,0.71,65.43833333333333,3.8222754247000994
2024-07-27,Google Ads,Search,Performance,Skincare,Brazil,85729,1757,5306.14,90,21584.82,0.02049481505674859,3.02,58.95711111111112,4.067894929270619
2024-05-16,TikTok Ads,Shopping,Performance,Makeup,Mexico,140121,4778,4109.08,291,84859.67,0.03409910006351653,0.86,14.120549828178694,20.65174442940999
2024-03-01,TikTok Ads,Shopping,Performance,Skincare,Brazil,125354,6179,2162.65,259,9238.12,0.04929240391212087,0.35000000000000003,8.35,4.27166670519964
2024-02-03,TikTok Ads,Display,Branding,Haircare,Brazil,150227,8683,14761.1,315,86296.01,0.05779919721488148,1.7,46.86063492063492,5.846177452899851
2024-07-02,Google Ads,Display,Branding,Skincare,Brazil,32428,603,970.83,47,11645.06,0.01859504132231405,1.61,20.65595744680851,11.994952772370032
2024-11-13,Google Ads,Search,Performance,Haircare,Brazil,84517,1664,3993.6,91,21828,0.019688346723144456,2.4,43.885714285714286,5.4657451923076925
2024-03-08,Google Ads,Search,Performance,Skincare,Brazil,185923,7827,28803.36,215,61106.18,0.04209807285811868,3.68,133.96911627906977,2.1214948533782167
2024-09-04,Meta Ads,Shopping,Performance,Skincare,Argentina,79992,1055,1603.6,21,4912.79,0.013188818881888189,1.52,76.36190476190475,3.0636006485407834
2024-08-16,Google Ads,Shopping,Performance,Skincare,Brazil,89383,5631,20665.77,163,35918.24,0.06299855677254064,3.67,126.78386503067485,1.7380547639889536
2024-04-18,Google Ads,Search,Performance,Makeup,Brazil,13484,382,511.88,23,1623.76,0.028329872441412045,1.34,22.25565217391304,3.1721497225912323
2024-11-08,Meta Ads,Video,Branding,Haircare,Argentina,162889,4658,5170.38,332,57094.6,0.0285961605756067,1.11,15.57343373493976,11.042631295958904
2024-10-28,TikTok Ads,Shopping,Performance,Haircare,Brazil,215540,14574,17707.91,402,19997.99,0.06761621972719681,1.2150343076711954,44.049527363184076,1.1293252563402458
2024-09-15,Meta Ads,Shopping,Performance,Haircare,Mexico,174862,3846,1730.7,299,67036.78,0.02199448708124121,0.45,5.788294314381271,38.73391113422314
2024-10-09,Meta Ads,Display,Branding,Makeup,Brazil,72500,1341,2078.55,30,5770.13,0.01849655172413793,1.55,69.28500000000001,2.776036179067138
2024-11-09,Google Ads,Shopping,Performance,Haircare,Brazil,52083,2781,7341.84,160,39686.47,0.05339554173146708,2.64,45.8865,5.405520959323549
2024-12-13,Meta Ads,Search,Performance,Skincare,Brazil,179943,4174,9182.8,289,32129.87,0.023196234363103873,2.1999999999999997,31.774394463667818,3.498918630483077
2024-11-17,Google Ads,Display,Branding,Makeup,Argentina,105477,6391,11759.44,116,17001.07,0.06059140855352352,1.84,101.3744827586207,1.4457380623567109
2024-05-15,Meta Ads,Shopping,Performance,Skincare,Brazil,163564,1946,1284.36,72,6787.22,0.011897483553838253,0.6599999999999999,17.83833333333333,5.2845152449469
2024-12-12,Google Ads,Search,Performance,Haircare,Mexico,78606,3914,4814.22,88,6101.96,0.04979263669439992,1.23,54.70704545454546,1.2674867372076888
2024-12-29,TikTok Ads,Display,Branding,Makeup,Brazil,66086,3317,1094.61,206,51119.73,0.050192173834094966,0.32999999999999996,5.313640776699029,46.701318277742764
2024-03-12,Google Ads,Shopping,Performance,Skincare,Brazil,92943,5037,11383.62,232,64994.16,0.054194506310319225,2.2600000000000002,49.0673275862069,5.709445677209886
2024-04-10,Meta Ads,Display,Branding,Skincare,Argentina,36411,873,1772.19,47,13565.96,0.023976270907143445,2.0300000000000002,37.70617021276596,7.654912847945197
2024-08-17,Meta Ads,Video,Branding,Haircare,Brazil,145170,4688,8204,106,30413.14,0.03229317352069987,1.75,77.39622641509433,3.7071111652852267
2024-09-09,Google Ads,Shopping,Performance,Haircare,Argentina,95196,3170,3328.5,170,13047.52,0.0332997184755662,1.05,19.57941176470588,3.919939912873667
2024-11-22,TikTok Ads,Search,Performance,Haircare,Mexico,191041,7393,3918.29,446,15789.02,0.03869849927502473,0.53,8.785403587443946,4.029569021180158
2024-10-04,TikTok Ads,Search,Performance,Haircare,Brazil,64484,2966,3707.5,227,27232.61,0.04599590596116866,1.25,16.33259911894273,7.345275792312879
2024-09-10,TikTok Ads,Shopping,Performance,Haircare,Brazil,90066,6025,10664.25,417,40275.46,0.06689538782670486,1.77,25.573741007194243,3.776680029069086
2024-08-13,Meta Ads,Shopping,Performance,Makeup,Brazil,188201,5627,10578.76,77,14242.93,0.02989888470305684,1.8800000000000001,137.3864935064935,1.3463704630788487
2024-11-13,Meta Ads,Display,Branding,Skincare,Argentina,137602,2641,1558.19,179,52473.54,0.019193034984956614,0.59,8.704972067039106,33.67595736078398
2024-01-30,Google Ads,Search,Performance,Skincare,Mexico,187156,3986,9526.54,269,34393.23,0.021297740922011584,2.39,35.414646840148706,3.6102540901523534
2024-06-26,Google Ads,Video,Branding,Skincare,Brazil,30169,1523,2193.12,34,8282.71,0.050482283138320795,1.44,64.5035294117647,3.776678886700226
2024-03-25,Google Ads,Shopping,Performance,Makeup,Mexico,142045,9161,21894.79,525,131680.16,0.06449364637966841,2.39,41.7043619047619,6.014223475082428
2024-01-04,Google Ads,Display,Branding,Makeup,Brazil,52897,1883,5215.91,108,5473.28,0.03559748189878443,2.77,48.295462962962965,1.0493432593737237
2024-06-09,Google Ads,Shopping,Performance,Skincare,Mexico,83334,3341,5779.93,256,32514.9,0.040091679266565865,1.73,22.5778515625,5.625483353604628
2024-08-12,Meta Ads,Search,Performance,Makeup,Brazil,16246,448,891.52,8,1955.09,0.027576018712298412,1.99,111.44,2.1929850143575016
2024-05-16,Meta Ads,Video,Branding,Makeup,Brazil,62545,606,1187.76,37,5627.66,0.009689023902789992,1.96,32.10162162162162,4.738044722839631
2024-06-30,Google Ads,Shopping,Performance,Skincare,Mexico,72526,2146,3347.76,168,25859.74,0.029589388633041943,1.56,19.927142857142858,7.724490405524889
2024-01-12,Google Ads,Search,Performance,Skincare,Argentina,124273,3603,5584.65,167,20460.25,0.02899262108422586,1.5499999999999998,33.441017964071854,3.663658420850009
2024-07-10,Google Ads,Shopping,Performance,Skincare,Mexico,10704,489,836.19,36,5339.04,0.04568385650224215,1.7100000000000002,23.227500000000003,6.384960355899975
2024-01-19,Meta Ads,Video,Branding,Haircare,Argentina,43467,991,1882.9,25,3146.23,0.02279890491637334,1.9000000000000001,75.316,1.6709490679271337
2024-10-26,TikTok Ads,Video,Branding,Haircare,Argentina,100673,5718,6003.9,196,41067.13,0.05679775113486238,1.05,30.632142857142856,6.840075617515282
2024-11-25,Meta Ads,Display,Branding,Skincare,Brazil,18140,455,523.25,29,1746.46,0.025082690187431093,1.15,18.04310344827586,3.337716196846632
2024-09-15,Google Ads,Shopping,Performance,Skincare,Brazil,136354,3736,4333.76,152,29811.83,0.02739926954838142,1.1600000000000001,28.511578947368424,6.878975762386473
2024-10-29,Google Ads,Shopping,Performance,Skincare,Brazil,60077,1994,6201.34,28,7635.29,0.03319073855219135,3.11,221.47642857142858,1.2312322820551687
2024-05-23,Google Ads,Display,Branding,Skincare,Brazil,233077,9997,18850.97,252,25808.62,0.04289140498633499,1.885662698809643,74.8054365079365,1.3690871079843636
2024-01-05,Meta Ads,Display,Branding,Skincare,Brazil,10939,113,133.34,6,1684.43,0.010330011884084469,1.18,22.223333333333333,12.632593370331483
2024-10-25,TikTok Ads,Display,Branding,Makeup,Mexico,160892,9122,5838.08,590,170654.73,0.056696417472590306,0.64,9.895050847457627,29.231310636373603
2024-05-28,Google Ads,Display,Branding,Haircare,Argentina,23375,1175,1668.5,15,1524.57,0.05026737967914439,1.42,111.23333333333333,0.9137368894216361
2024-09-07,Google Ads,Search,Performance,Makeup,Brazil,71216,2357,7471.69,179,29354.19,0.033096495169624804,3.17,41.74128491620112,3.928721614520945
2024-03-05,Google Ads,Shopping,Performance,Skincare,Brazil,7642,202,682.76,11,1542.21,0.026432870976184245,3.38,62.06909090909091,2.2587878610346244
2024-12-24,Meta Ads,Display,Branding,Makeup,Argentina,175591,5864,2580.16,333,52097.57,0.03339578907802792,0.44,7.7482282282282275,20.191604396626566
2024-08-19,TikTok Ads,Shopping,Performance,Makeup,Mexico,57265,2302,2992.6,85,4068.49,0.04019907447830263,1.3,35.20705882352941,1.3595168081267126
2024-12-11,Google Ads,Video,Branding,Haircare,Argentina,119527,6597,20450.7,497,137884.47,0.05519255063709455,3.1,41.148289738430584,6.7422860831169595
2024-02-17,TikTok Ads,Search,Performance,Skincare,Brazil,113297,9675,17511.75,380,16593.87,0.08539502369877403,1.81,46.08355263157895,0.9475849072765429
2024-04-16,Google Ads,Search,Performance,Haircare,Argentina,36831,1572,5423.4,48,4165.73,0.04268143683310255,3.4499999999999997,112.9875,0.7681030349964967
2024-04-04,Meta Ads,Search,Performance,Haircare,Argentina,156317,5924,4206.04,464,64623.96,0.03789734961648445,0.71,9.064741379310345,15.36456144021455
2024-08-02,Meta Ads,Display,Branding,Skincare,Brazil,163124,4273,3888.43,239,71554.77,0.026194796596454233,0.9099999999999999,16.269581589958158,18.401969432393024
2024-11-03,Google Ads,Video,Branding,Skincare,Brazil,198604,8162,25302.2,584,25281.15,0.04109685605526576,3.1,43.32568493150685,0.9991680565326335
2024-06-24,Google Ads,Search,Performance,Skincare,Mexico,117660,6388,11562.28,331,17255.28,0.05429202787693354,1.81,34.93135951661632,1.4923769360368369
2024-09-29,Google Ads,Search,Performance,Haircare,Brazil,58364,2241,4975.02,136,15149.72,0.03839695702830512,2.22,36.58102941176471,3.045157607406603
2024-04-01,Meta Ads,Display,Branding,Skincare,Argentina,151864,4358,7365.02,175,45340.29,0.028696728651951747,1.6900000000000002,42.08582857142857,6.156166582032363
2024-09-24,Google Ads,Video,Branding,Skincare,Argentina,143561,9144,17647.92,630,123364.05,0.06369417878114529,1.9299999999999997,28.012571428571427,6.990288373927354
2024-09-23,Google Ads,Display,Branding,Haircare,Brazil,111311,5765,15623.15,389,22317.92,0.05179182650411909,2.71,40.162339331619535,1.4285160162963295
2024-06-15,TikTok Ads,Video,Branding,Haircare,Mexico,245761,14862,10590.44,871,122381.65,0.0604733867456594,0.7125851164042525,12.15894374282434,11.55586075743784
2024-02-01,Google Ads,Search,Performance,Skincare,Mexico,73681,4457,7888.89,95,11815.26,0.06049049280004343,1.77,83.04094736842106,1.497708803139605
2024-07-10,Google Ads,Search,Performance,Skincare,Mexico,59943,2163,7116.27,114,4800.81,0.03608428006606276,3.29,62.42342105263158,0.6746244872665034
2024-03-06,Meta Ads,Video,Branding,Haircare,Brazil,104976,1238,1881.76,16,4162.98,0.01179317177259564,1.52,117.61,2.212279993197857
2024-10-31,Meta Ads,Video,Branding,Haircare,Brazil,140453,4213,4592.17,56,4347.77,0.029995799306529587,1.09,82.00303571428572,0.9467789737749257
2024-04-21,TikTok Ads,Display,Branding,Skincare,Brazil,27936,1402,1850.64,99,26865.9,0.05018613974799542,1.32,18.693333333333335,14.51708598106601
2024-02-17,Google Ads,Video,Branding,Skincare,Brazil,148073,8208,10310.08,157,22335.829999999998,0.05543211794182599,1.256101364522417,65.66929936305732,2.166407050187777
2024-07-19,TikTok Ads,Display,Branding,Haircare,Mexico,115304,3551,5539.56,232,22178.1,0.030796850065912717,1.56,23.87741379310345,4.00358512228408
2024-03-07,Meta Ads,Display,Branding,Haircare,Argentina,92793,1261,466.57,80,13024.34,0.013589387130494757,0.37,5.832125,27.91508240992777
2024-04-25,Meta Ads,Display,Branding,Haircare,Brazil,6074,128,193.28,5,1253.71,0.02107342772472835,1.51,38.656,6.486496274834437
2024-09-16,TikTok Ads,Display,Branding,Skincare,Brazil,67502,5859,2812.32,395,42271.31,0.08679742822434891,0.48000000000000004,7.119797468354431,15.030761079820218
2024-04-24,Google Ads,Display,Branding,Makeup,Mexico,129121,4893,12526.08,137,7241.16,0.03789468792837726,2.56,91.43124087591241,0.5780866799509503
2024-04-06,TikTok Ads,Video,Branding,Skincare,Brazil,118135,8151,5624.19,428,64189.34,0.06899733355906379,0.69,13.140630841121494,11.413081705987885
2024-08-13,Meta Ads,Shopping,Performance,Skincare,Brazil,177905,5532,5421.36,370,14673.05,0.03109524746353391,0.98,14.652324324324324,2.706525668835864
2024-06-03,TikTok Ads,Shopping,Performance,Makeup,Brazil,62600,3142,2230.82,245,17495.08,0.05019169329073483,0.7100000000000001,9.105387755102042,7.842443585766669
2024-02-29,Meta Ads,Search,Performance,Makeup,Brazil,36127,610,677.1,45,6906.4,0.016884878345835526,1.11,15.046666666666667,10.199970462265544
2024-10-17,TikTok Ads,Display,Branding,Haircare,Argentina,81394,5192,4880.48,253,41499.01,0.063788485637762,0.94,19.290434782608695,8.503059125331935
2024-09-03,Meta Ads,Search,Performance,Haircare,Brazil,36153,882,1481.76,62,16744.05,0.02439631565845158,1.68,23.899354838709677,11.300109329446064
2024-07-11,Meta Ads,Shopping,Performance,Haircare,Mexico,117200,1699,3296.06,113,30970.48,0.014496587030716724,1.94,29.16867256637168,9.39621244758894
2024-02-04,Meta Ads,Display,Branding,Haircare,Argentina,124004,2083,3145.33,49,9959.37,0.016797845230799007,1.51,64.1904081632653,3.1663990741829955
2024-03-03,Google Ads,Shopping,Performance,Skincare,Mexico,166215,9158,6593.76,112,29121.09,0.055097313720181694,0.72,58.87285714285714,4.416461927640678
2024-07-19,Google Ads,Display,Branding,Skincare,Brazil,184810,7447,23234.64,334,51289.24,0.04029543855851956,3.12,69.56479041916168,2.207447156487038
2024-06-04,Meta Ads,Display,Branding,Makeup,Argentina,56986,1270,1181.1,13,3679.26,0.02228617555188994,0.9299999999999999,90.85384615384615,3.115113030226061
2024-07-14,TikTok Ads,Display,Branding,Makeup,Mexico,113621,10112,10010.88,472,84899.73,0.08899763247991128,0.9899999999999999,21.209491525423726,8.480745948408131
2024-01-16,Google Ads,Search,Performance,Haircare,Mexico,175381,4226,3845.66,204,11471.83,0.024096110753160264,0.9099999999999999,18.851274509803922,2.9830588247530985
2024-12-17,Meta Ads,Search,Performance,Haircare,Brazil,87911,1116,535.68,61,16688.84,0.012694657096381567,0.48,8.781639344262294,31.15449522102748
2024-04-22,Google Ads,Video,Branding,Haircare,Mexico,164504,3322,6876.54,96,10570.76,0.020194037834946263,2.07,71.630625,1.537220753460316
2024-10-30,Google Ads,Search,Performance,Skincare,Argentina,180590,4857,7334.07,333,91782.77,0.026895176920095243,1.51,22.024234234234232,12.514575126771357
2024-12-30,Meta Ads,Display,Branding,Haircare,Brazil,108152,4250,3060,160,12452.25,0.03929654560248539,0.72,19.125,4.069362745098039
2024-12-05,TikTok Ads,Search,Performance,Haircare,Argentina,241999,13831,19850.38,732,112780.28,0.05715312873193691,1.4352093124141423,27.118005464480877,5.681517431908104
2024-05-21,Meta Ads,Search,Performance,Haircare,Brazil,20993,583,746.24,45,4493.83,0.027771161815843378,1.28,16.583111111111112,6.021963443396226
2024-02-15,Meta Ads,Display,Branding,Haircare,Brazil,67167,1907,2727.01,114,20596.75,0.02839191865052779,1.4300000000000002,23.921140350877195,7.552869259738688
2024-05-10,TikTok Ads,Display,Branding,Haircare,Mexico,92601,4065,2113.8,324,24076.73,0.04389801406032332,0.52,6.524074074074075,11.390259248746332
2024-09-25,TikTok Ads,Shopping,Performance,Skincare,Mexico,139162,7152,9941.28,137,29124.09,0.05139334013595666,1.3900000000000001,72.56408759124088,2.9296116797836897
2024-08-24,TikTok Ads,Video,Branding,Makeup,Argentina,185510,9739,19964.95,461,116711.4,0.05249851760012937,2.0500000000000003,43.307917570498915,5.845814790420211
2024-07-26,Meta Ads,Search,Performance,Haircare,Mexico,29992,605,369.05,35,5311.42,0.020172045878901042,0.61,10.544285714285715,14.392141986180734
2024-08-03,Google Ads,Video,Branding,Skincare,Mexico,185948,5373,3922.29,82,15594.76,0.028895174995159936,0.73,47.83280487804878,3.975932427230011
2024-04-14,TikTok Ads,Video,Branding,Haircare,Brazil,118687,10586,7939.5,635,88046.75,0.0891925821699091,0.75,12.503149606299212,11.089709679450847
2024-09-26,TikTok Ads,Search,Performance,Haircare,Argentina,89946,5162,3252.06,349,87393.19,0.05738998954928513,0.63,9.318223495702005,26.873178846638748
2024-02-06,TikTok Ads,Display,Branding,Skincare,Argentina,53709,2868,2552.52,222,47503.54,0.05339887169748087,0.89,11.497837837837837,18.610447714415557
2024-08-19,Google Ads,Shopping,Performance,Haircare,Brazil,125019,8251,31106.27,609,135443.82,0.06599796830881706,3.77,51.077619047619045,4.354228906262307
2024-02-02,Google Ads,Shopping,Performance,Haircare,Brazil,149848,9290,18301.3,537,106414.01,0.061996156104852915,1.97,34.080633147113595,5.8145601678569285
2024-09-25,Google Ads,Video,Branding,Skincare,Brazil,14096,476,614.04,34,3175.83,0.03376844494892168,1.2899999999999998,18.06,5.17202462380301
2024-03-27,Google Ads,Display,Branding,Skincare,Brazil,129679,5848,8655.04,158,32419.87,0.045095967735716655,1.4800000000000002,54.77873417721519,3.745779337819351
2024-01-17,Meta Ads,Video,Branding,Haircare,Brazil,190928,5078,7363.1,186,47430.11,0.026596413307634292,1.4500000000000002,39.586559139784946,6.4415952519998365
2024-04-07,TikTok Ads,Display,Branding,Makeup,Brazil,41232,1859,1970.54,126,22069.99,0.04508634070624758,1.06,15.639206349206349,11.199970566443717
2024-10-31,TikTok Ads,Shopping,Performance,Makeup,Brazil,17626,1113,601.02,50,2568.51,0.06314535345512311,0.54,12.0204,4.273584905660377
2024-03-22,TikTok Ads,Video,Branding,Skincare,Mexico,49390,3368,5557.2,195,57395.9,0.06819194168860093,1.65,28.498461538461537,10.328204851363997
2024-01-30,Meta Ads,Display,Branding,Skincare,Brazil,166155,6048,8830.08,260,28494.38,0.03639974722397761,1.46,33.96184615384615,3.2269673660940787
2024-12-29,Google Ads,Shopping,Performance,Skincare,Mexico,149438,3287,12260.51,153,8351.95,0.021995744054390448,3.73,80.1340522875817,0.6812073885996587
2024-12-19,Google Ads,Display,Branding,Makeup,Mexico,126946,6728,15541.68,132,34256.99,0.05299891292360531,2.31,117.74000000000001,2.204201218915844
2024-03-15,Meta Ads,Search,Performance,Skincare,Mexico,98740,1589,3321.01,47,5063.31,0.01609276888798866,2.0900000000000003,70.65978723404255,1.5246295554665599
2024-07-25,Meta Ads,Display,Branding,Haircare,Brazil,174048,3846,6692.04,75,18304.27,0.02209735245449531,1.74,89.2272,2.7352302138062536
2024-11-10,Google Ads,Search,Performance,Haircare,Brazil,77968,3001,8552.85,193,31448.71,0.038490149805048224,2.85,44.31528497409327,3.676986033895134
2024-03-03,Meta Ads,Shopping,Performance,Skincare,Brazil,161408,1581,1754.91,51,6128.54,0.009795053528945281,1.11,34.410000000000004,3.4922246724903268
2024-04-01,TikTok Ads,Display,Branding,Haircare,Mexico,30226,1196,1746.16,12,2625.21,0.03956858333884735,1.46,145.51333333333335,1.5034189306821826
2024-12-30,Google Ads,Shopping,Performance,Makeup,Brazil,45225,2211,2012.01,156,38495.98,0.04888888888888889,0.91,12.897499999999999,19.13309575996143
2024-11-22,Meta Ads,Search,Performance,Makeup,Brazil,23186,512,1080.32,26,2663.68,0.02208229103769516,2.11,41.55076923076923,2.4656398104265405
2024-12-09,Meta Ads,Shopping,Performance,Skincare,Brazil,116161,4379,7750.83,264,18090.29,0.03769767822246709,1.77,29.359204545454546,2.333981005905174
2024-12-13,Meta Ads,Shopping,Performance,Skincare,Mexico,107126,3631,3921.48,260,19151.86,0.03389466609413214,1.08,15.082615384615385,4.883834674663648
2024-10-29,Google Ads,Shopping,Performance,Haircare,Brazil,182395,8517,29383.65,517,27133.78,0.04669535897365608,3.45,56.83491295938105,0.9234312279107598
2024-05-24,Meta Ads,Video,Branding,Skincare,Brazil,22139,458,196.94,8,2367.39,0.020687474592348345,0.43,24.6175,12.020869300294505
2024-07-30,Google Ads,Display,Branding,Haircare,Argentina,44387,1886,5299.66,112,16115.2,0.04248991821929844,2.81,47.318392857142854,3.0407988436994073
2024-01-07,Google Ads,Video,Branding,Makeup,Mexico,33433,1698,4975.14,60,4216.81,0.05078814345108127,2.93,82.91900000000001,0.8475761486108934
2024-09-02,Google Ads,Shopping,Performance,Haircare,Mexico,154631,4793,15050.02,155,15403.3,0.030996372008200167,3.14,97.09690322580646,1.0234737229585076
2024-08-20,Google Ads,Search,Performance,Skincare,Argentina,83498,3531,3636.93,234,36561.1,0.042288438046420275,1.03,15.542435897435897,10.052736786245543
2024-01-30,Google Ads,Video,Branding,Skincare,Argentina,89052,2591,9483.06,190,12653.72,0.029095360014373624,3.6599999999999997,49.91084210526316,1.3343498828437235
2024-09-06,Google Ads,Shopping,Performance,Haircare,Brazil,36092,1050,3864,34,1685.69,0.02909231962761831,3.68,113.6470588235294,0.4362551759834369
2024-01-22,TikTok Ads,Display,Branding,Haircare,Mexico,120409,8356,8021.76,663,50787.7,0.06939680588660316,0.9600000000000001,12.099185520361992,6.331241523057284
2024-04-05,Google Ads,Display,Branding,Haircare,Argentina,267763,9715,23808.88,204,47468.83,0.036282085276905324,2.450733916623778,116.71019607843138,1.993744770858604
2024-08-06,Google Ads,Display,Branding,Haircare,Brazil,54158,3374,2732.94,55,5839.17,0.06229919864101333,0.81,49.68981818181818,2.1365891677094995
2024-01-02,Meta Ads,Display,Branding,Skincare,Mexico,143485,3945,2800.95,187,30765.32,0.027494163152942817,0.71,14.978342245989303,10.983887609561043
2024-03-26,Google Ads,Video,Branding,Haircare,Brazil,162883,8974,21358.12,292,80812.08,0.055094761270359706,2.38,73.14424657534246,3.783670098304533
2024-06-14,Google Ads,Video,Branding,Haircare,Brazil,40306,1176,999.6,41,11838.48,0.029176797499131643,0.85,24.38048780487805,11.843217286914765
2024-09-07,TikTok Ads,Display,Branding,Skincare,Brazil,168297,10535,14749,561,30094.65,0.06259766959601182,1.4,26.29055258467023,2.0404535900739034
2024-05-02,Meta Ads,Display,Branding,Skincare,Argentina,113889,4623,5501.37,362,19216.96,0.04059215551984827,1.19,15.197154696132596,3.4931226221832015
2024-11-24,Google Ads,Search,Performance,Skincare,Argentina,121089,3499,3254.07,185,28042.42,0.028896101214808942,0.93,17.589567567567567,8.617644979978918
2024-12-23,Google Ads,Search,Performance,Makeup,Brazil,148994,7509,25981.14,588,82753.51,0.05039800260413171,3.46,44.18561224489796,3.1851377576195654
2024-04-03,Meta Ads,Search,Performance,Skincare,Argentina,62603,1396,2094,17,2988.24,0.02229925083462454,1.5,123.17647058823529,1.4270487106017191
2024-07-08,Meta Ads,Search,Performance,Skincare,Mexico,44612,811,1622,23,1008.1,0.018178965300815923,2,70.52173913043478,0.6215166461159063
2024-11-13,Google Ads,Display,Branding,Makeup,Argentina,17299,479,929.26,30,3163.73,0.02768946181860223,1.94,30.97533333333333,3.404569227126961
2024-10-29,TikTok Ads,Shopping,Performance,Haircare,Brazil,71514,3354,4393.74,165,17363.87,0.046899907710378386,1.3099999999999998,26.62872727272727,3.9519566474119996
2024-09-10,TikTok Ads,Shopping,Performance,Haircare,Argentina,144940,5333,6986.23,148,32610.09,0.036794535669932384,1.3099999999999998,47.204256756756756,4.66776644914353
2024-11-20,Meta Ads,Search,Performance,Haircare,Mexico,84654,2937,5404.08,104,30747.28,0.03469416684385853,1.84,51.96230769230769,5.689641900193927
2024-06-15,TikTok Ads,Video,Branding,Haircare,Brazil,92313,5991,5092.35,267,10489.07,0.06489876832082156,0.8500000000000001,19.072471910112363,2.0597700472277043
2024-11-13,Google Ads,Shopping,Performance,Skincare,Brazil,8748,362,438.02,10,966.57,0.0413808870598994,1.21,43.802,2.206680060271221
2024-05-26,Meta Ads,Video,Branding,Skincare,Mexico,147483,2138,1218.66,159,42434.18,0.014496586047205441,0.5700000000000001,7.664528301886793,34.82036006761525
2024-02-29,Google Ads,Shopping,Performance,Skincare,Brazil,284454,11699,31045.6,484,89206.07,0.0411279152340976,2.6536968971706982,64.14380165289256,2.873388499497514
2024-07-04,Meta Ads,Shopping,Performance,Skincare,Brazil,185798,5889,5300.1,400,41326.63,0.03169571254803604,0.9,13.250250000000001,7.797330239052092
2024-11-13,Google Ads,Search,Performance,Skincare,Brazil,188062,8143,14657.4,614,124232.5,0.04329955014835533,1.8,23.871986970684038,8.47575286203556
2024-09-05,Google Ads,Search,Performance,Haircare,Brazil,49425,1996,2534.92,98,9253.27,0.04038442083965604,1.27,25.866530612244897,3.6503203256907515
2024-11-29,TikTok Ads,Shopping,Performance,Haircare,Mexico,72444,2339,3251.21,153,12919.22,0.032287007895753964,1.3900000000000001,21.249738562091505,3.9736651892679955
2024-06-05,Meta Ads,Shopping,Performance,Skincare,Brazil,15789,423,765.63,7,1223.95,0.026790803724111724,1.81,109.37571428571428,1.5986181314734271
2024-03-26,TikTok Ads,Video,Branding,Skincare,Brazil,99457,5808,9292.8,80,12231.1,0.05839709623254271,1.5999999999999999,116.16,1.316191029614325
2024-06-07,Meta Ads,Video,Branding,Makeup,Argentina,57375,843,1357.23,40,9739.81,0.01469281045751634,1.61,33.93075,7.17624131503135
2024-02-14,TikTok Ads,Video,Branding,Haircare,Mexico,79553,2712,840.72,170,16973.79,0.03409048056012973,0.31,4.945411764705883,20.18958749643163
2024-07-14,Google Ads,Search,Performance,Haircare,Argentina,88807,4999,11847.63,348,103474.34,0.05629060772236423,2.3699999999999997,34.04491379310345,8.733758566059203
2024-02-24,Meta Ads,Video,Branding,Skincare,Mexico,128629,2109,2720.61,168,49256.62,0.016395991572662465,1.29,16.194107142857142,18.10499116007072
2024-12-01,Meta Ads,Video,Branding,Haircare,Brazil,6969,176,190.08,10,2562.91,0.025254699382981777,1.08,19.008000000000003,13.48332281144781
2024-01-05,Google Ads,Search,Performance,Haircare,Mexico,41378,2023,2488.29,73,9343.63,0.04889071487263763,1.23,34.086164383561645,3.755040610218262
2024-12-13,TikTok Ads,Shopping,Performance,Haircare,Argentina,306857,20664,25488.42,1025,82855.67,0.06734081347337685,1.2334698025551682,24.866751219512192,3.2507181692705944
2024-12-07,Meta Ads,Video,Branding,Skincare,Argentina,66929,1539,1862.19,38,9540.22,0.022994516577268448,1.21,49.005,5.12311847878036
2024-11-09,TikTok Ads,Search,Performance,Skincare,Argentina,141614,10677,3736.95,305,62355.52,0.07539508805626563,0.35,12.252295081967212,16.686206665863875
2024-01-22,Google Ads,Shopping,Performance,Skincare,Brazil,28387,672,2231.04,41,7232.57,0.023672807975481734,3.32,54.41560975609756,3.2417930651176134
2024-01-23,Meta Ads,Shopping,Performance,Skincare,Argentina,90716,3002,4412.94,194,39560.54,0.03309228801975396,1.47,22.747113402061853,8.964667545899108
2024-01-10,Meta Ads,Shopping,Performance,Haircare,Brazil,135607,3341,4794.66,209,44196.63,0.02463737122714904,1.4350972762645915,22.940956937799044,9.217886148340028
2024-01-17,TikTok Ads,Video,Branding,Skincare,Argentina,58521,3318,6138.3,39,10013.26,0.05669759573486441,1.85,157.3923076923077,1.6312757603896844
2024-10-04,TikTok Ads,Search,Performance,Skincare,Brazil,48361,2713,2360.31,54,7890.9,0.05609892268563512,0.87,43.70944444444444,3.343162550681902
2024-12-22,Meta Ads,Shopping,Performance,Makeup,Mexico,167917,6246,3747.6,413,25997.62,0.03719694849240994,0.6,9.07409200968523,6.937138435265236
2024-07-18,Google Ads,Shopping,Performance,Skincare,Argentina,161904,4727,7752.28,263,21545.93,0.029196313865006422,1.64,29.47634980988593,2.7793023471804426
2024-05-25,Meta Ads,Display,Branding,Skincare,Mexico,80139,2436,3848.88,37,4653.12,0.030397184891251452,1.58,104.02378378378378,1.2089542931969819
2024-06-28,Google Ads,Display,Branding,Skincare,Argentina,188419,10231,21996.65,754,134062.71,0.05429919487949729,2.1500000000000004,29.173275862068966,6.094687600157296
2024-02-15,Google Ads,Shopping,Performance,Skincare,Brazil,39754,2007,4676.31,108,6981.98,0.0504854857372843,2.33,43.29916666666667,1.493053283464954
2024-01-17,TikTok Ads,Video,Branding,Haircare,Brazil,188846,12671,17359.27,821,86047.94,0.06709699967169017,1.37,21.144056029232644,4.956887011953843
2024-01-29,Google Ads,Video,Branding,Skincare,Brazil,16781,684,889.2,8,1435.11,0.04076038376735594,1.3,111.15,1.6139338731443993
2024-01-25,Google Ads,Search,Performance,Haircare,Brazil,173162,4943,8644.01,180,22418.64,0.028545523844723437,1.7487376087396318,48.02227777777778,2.593546282338868
2024-09-02,Google Ads,Search,Performance,Haircare,Brazil,142844,2971,5020.99,95,5534.94,0.020798913500042003,1.69,52.85252631578947,1.1023602914962984
2024-03-08,TikTok Ads,Shopping,Performance,Skincare,Brazil,44405,1953,2988.09,22,6030.56,0.043981533611079836,1.53,135.82227272727275,2.0181989163646343
2024-02-27,TikTok Ads,Search,Performance,Skincare,Brazil,203609,14211,7537.1,655,55839.16,0.06979553948990468,0.5303708394905355,11.50702290076336,7.408573589311539
2024-01-27,Meta Ads,Display,Branding,Makeup,Argentina,176459,3670,7009.7,65,2483.8,0.02079803240412787,1.91,107.84153846153846,0.35433756080859385
2024-09-02,Meta Ads,Shopping,Performance,Skincare,Argentina,49980,1664,3294.72,37,6236.77,0.03329331732693077,1.98,89.04648648648649,1.8929590374902878
2024-05-07,Meta Ads,Display,Branding,Skincare,Brazil,70030,1470,2469.6,90,9384.9,0.020991003855490502,1.68,27.439999999999998,3.800170068027211
2024-08-30,TikTok Ads,Shopping,Performance,Skincare,Brazil,133949,7219,10972.88,73,21583.28,0.0538936460891832,1.5199999999999998,150.31342465753423,1.9669658284789409
2024-04-22,Google Ads,Search,Performance,Makeup,Brazil,107364,4895,12971.75,200,42108.23,0.045592563615364554,2.65,64.85875,3.246148746314106
2024-12-08,Meta Ads,Search,Performance,Haircare,Brazil,6875,158,289.14,2,386.94,0.022981818181818183,1.8299999999999998,144.57,1.3382444490558207
2024-05-16,Google Ads,Shopping,Performance,Haircare,Brazil,126292,5165,7695.85,110,14074.18,0.04089728565546511,1.49,69.96227272727273,1.8288012370303475
2024-08-15,Google Ads,Video,Branding,Skincare,Argentina,154666,5939,7601.92,366,24965.13,0.0383988724089328,1.28,20.770273224043716,3.2840558700959757
2024-02-09,Meta Ads,Video,Branding,Makeup,Argentina,170413,3936,2794.56,63,12671.79,0.023096829467235482,0.71,44.35809523809524,4.534449072483683
2024-12-12,Google Ads,Shopping,Performance,Skincare,Mexico,250315,8272,17006.79,228,25683.239999999998,0.033046361584403654,2.055946566731141,74.59118421052632,1.5101756416113796
2024-11-24,Meta Ads,Search,Performance,Makeup,Brazil,102780,1952,2342.4,63,16160.9,0.01899202179412337,1.2,37.180952380952384,6.899291325136612
2024-03-03,Google Ads,Search,Performance,Skincare,Mexico,51566,1531,2128.09,112,6716.48,0.029690105883721833,1.3900000000000001,19.000803571428573,3.1561071195297186
2024-01-18,Meta Ads,Shopping,Performance,Haircare,Brazil,84830,2612,5171.76,84,6284.59,0.030790993752210304,1.98,61.56857142857143,1.2151743313688184
2024-09-15,Meta Ads,Video,Branding,Skincare,Brazil,37599,1225,1592.5,73,19164.89,0.03258065374079098,1.3,21.815068493150687,12.034467817896388
2024-12-30,Meta Ads,Display,Branding,Skincare,Argentina,49134,1026,820.8,16,1025.05,0.02088167053364269,0.7999999999999999,51.3,1.2488425925925926
2024-07-21,Google Ads,Video,Branding,Skincare,Mexico,157890,9204,31017.48,321,10260.33,0.05829374881246437,3.37,96.62766355140187,0.3307918631687681
2024-06-28,Google Ads,Video,Branding,Skincare,Argentina,118415,6500,11310,458,110383.15,0.05489169446438374,1.74,24.694323144104803,9.759783377541998
2024-11-10,Google Ads,Search,Performance,Makeup,Brazil,34764,1251,1038.33,83,3361.16,0.03598550224370038,0.83,12.51,3.23708262305818
2024-08-05,Google Ads,Display,Branding,Skincare,Mexico,71151,4368,14108.64,202,51341.85,0.061390563730657335,3.23,69.84475247524752,3.639036080019052
2024-10-19,TikTok Ads,Shopping,Performance,Haircare,Argentina,119515,6824,5868.64,89,25992.88,0.057097435468351256,0.8600000000000001,65.93977528089889,4.4291147523105865
2024-05-11,Meta Ads,Shopping,Performance,Haircare,Mexico,68472,2601,3589.38,63,17508.47,0.0379863301787592,1.3800000000000001,56.97428571428571,4.87785355688169
2024-07-19,Google Ads,Search,Performance,Makeup,Brazil,176066,5264,8317.12,119,28182.41,0.029897879204389265,1.58,69.89176470588237,3.388481830248932
2024-01-31,TikTok Ads,Shopping,Performance,Skincare,Brazil,127790,7015,8628.45,422,90118.48,0.05489474919790281,1.2300000000000002,20.446563981042654,10.444341683616408
2024-10-23,Google Ads,Display,Branding,Skincare,Brazil,88251,5965,4891.3,133,14897.06,0.06759130208156282,0.8200000000000001,36.77669172932331,3.045623862776767
2024-02-16,TikTok Ads,Display,Branding,Skincare,Argentina,141447,9873,13723.47,588,86774.51,0.06979999575812848,1.39,23.33923469387755,6.323073537523673
2024-05-20,Meta Ads,Display,Branding,Haircare,Mexico,64799,842,1473.5,52,15157.93,0.012994027685612433,1.75,28.33653846153846,10.287024092297251
2024-01-16,Meta Ads,Shopping,Performance,Makeup,Mexico,167893,4432,2570.56,66,15989.78,0.02639776524333951,0.58,38.947878787878786,6.220348873397237
2024-08-28,Meta Ads,Search,Performance,Haircare,Brazil,73513,2073,4602.06,31,3401.33,0.028199094037789234,2.22,148.4535483870968,0.7390885820697687
2024-12-22,TikTok Ads,Video,Branding,Haircare,Mexico,112938,3263,1272.57,80,22895.07,0.028891958419663886,0.38999999999999996,15.907124999999999,17.99120677055093
2024-10-23,TikTok Ads,Shopping,Performance,Haircare,Brazil,16094,535,968.35,8,469.8,0.033242202062880574,1.81,121.04375,0.48515516084060517
2024-11-27,TikTok Ads,Video,Branding,Skincare,Brazil,92346,6815,5588.3,469,125930.93,0.0737985402724536,0.8200000000000001,11.915351812366739,22.534747597659393
2024-05-28,TikTok Ads,Video,Branding,Skincare,Argentina,150250,7196,4821.32,534,36153.63,0.04789351081530782,0.6699999999999999,9.028689138576778,7.498699526270814
2024-03-03,Google Ads,Video,Branding,Haircare,Brazil,76442,2392,3922.88,160,14390.19,0.03129169828104968,1.6400000000000001,24.518,3.668271779916796
2024-02-18,Meta Ads,Search,Performance,Skincare,Brazil,161738,5046,8376.36,258,29417.67,0.03119860515154138,1.6600000000000001,32.46651162790698,3.511987307135796
2024-09-23,Meta Ads,Search,Performance,Skincare,Argentina,29343,346,695.46,7,672.01,0.011791568687591588,2.0100000000000002,99.35142857142857,0.966281310211946
2024-06-19,Meta Ads,Display,Branding,Skincare,Brazil,91706,1650,2772,80,8391.32,0.017992279676357054,1.68,34.65,3.027171717171717
2024-01-21,Meta Ads,Display,Branding,Makeup,Brazil,161646,5253,5253,228,43732.39,0.032496937752867376,1,23.039473684210527,8.325221778031601
2024-03-11,Google Ads,Video,Branding,Skincare,Mexico,224836,9017,19680.800000000003,423,94658.78,0.04010478748954794,2.1826328047022296,46.52671394799055,4.809701841388561
2024-04-20,Google Ads,Display,Branding,Skincare,Argentina,157832,4072,9691.36,124,34560.39,0.02579958436818896,2.3800000000000003,78.15612903225806,3.5661032094566703
2024-09-17,TikTok Ads,Video,Branding,Haircare,Brazil,153537,7277,7277,175,48117.42,0.04739574174303263,1,41.582857142857144,6.612260546928679
2024-08-30,Google Ads,Shopping,Performance,Skincare,Brazil,20915,913,940.39,37,3637.08,0.04365288070762611,1.03,25.415945945945946,3.8676293878071863
2024-05-13,Google Ads,Display,Branding,Haircare,Mexico,140875,6818,15340.5,142,28774.25,0.04839751552795031,2.25,108.03169014084507,1.8757048336103777
2024-10-19,Google Ads,Search,Performance,Skincare,Brazil,103991,3067,7943.53,142,36045.3,0.02949293688876922,2.59,55.94035211267605,4.537692940040511
2024-08-11,TikTok Ads,Display,Branding,Skincare,Brazil,68474,4923,2313.81,198,32574.4,0.07189590209422554,0.47,11.68590909090909,14.078251887579361
2024-01-15,Google Ads,Search,Performance,Makeup,Argentina,91348,2914,5041.22,98,14981.67,0.031899986863423394,1.73,51.44102040816327,2.9718341988645602
2024-02-06,Google Ads,Display,Branding,Makeup,Brazil,79525,2298,3630.84,119,21777.03,0.028896573404589752,1.58,30.511260504201683,5.9977938989324775
2024-11-21,Meta Ads,Shopping,Performance,Skincare,Argentina,52743,1207,2329.51,90,11281.65,0.022884553400451244,1.9300000000000002,25.883444444444446,4.842928341153289
2024-06-06,Google Ads,Display,Branding,Makeup,Argentina,58266,2651,3234.22,103,3487.43,0.0454982322452202,1.22,31.400194174757278,1.0782909016702635
2024-05-01,Meta Ads,Search,Performance,Makeup,Mexico,7196,287,634.27,10,693.26,0.03988326848249027,2.21,63.427,1.0930045564191906
2024-12-14,TikTok Ads,Video,Branding,Makeup,Mexico,56529,4494,6785.94,104,9525.68,0.07949901820304622,1.51,65.24942307692308,1.4037377283029324
2024-10-19,Meta Ads,Search,Performance,Haircare,Mexico,147324,1325,2279,96,10356.84,0.008993782411555483,1.72,23.739583333333332,4.54446687143484
2024-12-02,Meta Ads,Video,Branding,Makeup,Mexico,173898,5321,2820.13,239,52181.09,0.030598396761319854,0.53,11.799707112970712,18.503079645264577
2024-07-03,Google Ads,Display,Branding,Skincare,Mexico,46585,1504,3308.8,85,13372.82,0.032285070301599224,2.2,38.927058823529414,4.041592117988395
2024-12-11,Meta Ads,Video,Branding,Haircare,Argentina,117169,3304,4196.08,83,20949.79,0.028198584949944098,1.27,50.55518072289156,4.992705096185011
2024-01-27,Meta Ads,Search,Performance,Makeup,Argentina,30123,554,986.12,15,2874.83,0.0183912624904558,1.78,65.74133333333333,2.9152942846712366
2024-07-06,Google Ads,Search,Performance,Haircare,Brazil,103053,2607,5709.33,194,39533.49,0.025297662367907776,2.19,29.429536082474225,6.924365906332266
2024-07-22,Google Ads,Display,Branding,Makeup,Argentina,12546,725,1051.25,43,2269.78,0.05778734257930815,1.45,24.447674418604652,2.15912485136742
2024-12-16,Google Ads,Display,Branding,Skincare,Argentina,7594,225,267.75,7,1275.11,0.02962865420068475,1.19,38.25,4.762315592903827
2024-04-26,Google Ads,Video,Branding,Haircare,Mexico,140091,7242,18249.84,347,24525.17,0.051694969698267555,2.52,52.59319884726225,1.3438567132643353
2024-03-30,TikTok Ads,Display,Branding,Skincare,Argentina,15739,1205,554.3,60,6092.69,0.07656140796746934,0.45999999999999996,9.238333333333333,10.991683204041133
2024-10-15,Meta Ads,Video,Branding,Skincare,Brazil,39253,1122,1402.5,81,15452.61,0.02858380251190992,1.25,17.314814814814813,11.01790374331551
2024-08-19,Google Ads,Shopping,Performance,Skincare,Argentina,112930,2427,2305.65,53,10549.62,0.021491189232267775,0.9500000000000001,43.50283018867925,4.575551362956216
2024-03-29,Google Ads,Display,Branding,Haircare,Brazil,79843,2427,3470.61,127,27833.99,0.030397154415540497,1.4300000000000002,27.327637795275592,8.019912925969786
2024-02-16,Meta Ads,Shopping,Performance,Skincare,Argentina,19040,784,1513.12,39,5591.9,0.041176470588235294,1.93,38.797948717948714,3.695609072644602
2024-06-03,Meta Ads,Search,Performance,Haircare,Brazil,186845,4204,7609.24,275,24004.25,0.022499933099628035,1.81,27.669963636363637,3.154618595286783
2024-02-28,Google Ads,Search,Performance,Skincare,Argentina,28267,1769,4581.71,33,1968.12,0.06258180917677858,2.59,138.83969696969697,0.4295601423922509
2024-05-04,Google Ads,Search,Performance,Haircare,Mexico,106277,6961,20604.56,180,42397.44,0.06549864975488581,2.9600000000000004,114.46977777777778,2.057672670515653
2024-06-28,Meta Ads,Search,Performance,Makeup,Brazil,81759,1316,1184.4,46,6171.89,0.01609608728091097,0.9,25.747826086956525,5.2109844647078685
2024-06-01,TikTok Ads,Search,Performance,Makeup,Mexico,49659,2413,3498.85,191,38157.72,0.04859139330232184,1.45,18.318586387434554,10.90578904497192
2024-12-12,TikTok Ads,Search,Performance,Haircare,Argentina,195512,8328,13574.64,198,14486.58,0.042595850894062766,1.63,68.55878787878788,1.0671796821131168
2024-04-05,TikTok Ads,Shopping,Performance,Haircare,Brazil,184065,6350,8509,273,39093.51,0.03449868253062777,1.34,31.168498168498168,4.5943718415795045
2024-08-16,Meta Ads,Shopping,Performance,Haircare,Argentina,117421,3428,2091.08,99,25079.21,0.02919409645634086,0.61,21.122020202020202,11.993424450523175
2024-06-25,Google Ads,Display,Branding,Haircare,Brazil,162454,4337,6809.09,329,13568.06,0.026696788013837763,1.57,20.696322188449848,1.992639251353705
2024-01-19,Meta Ads,Shopping,Performance,Haircare,Brazil,173292,7330,13780.4,355,66981.68,0.04229854811531981,1.88,38.818028169014084,4.860648457229107
2024-05-23,Meta Ads,Shopping,Performance,Makeup,Mexico,75628,794,397,49,3639.22,0.01049875707409954,0.5,8.10204081632653,9.166801007556675
2024-03-19,TikTok Ads,Search,Performance,Skincare,Argentina,92030,6267,3634.86,136,11204.78,0.0680973595566663,0.5800000000000001,26.726911764705882,3.082589150613779
2024-02-25,TikTok Ads,Search,Performance,Skincare,Brazil,57006,2981,3279.1,192,40566.37,0.052292741114970356,1.0999999999999999,17.078645833333333,12.371190265621665
2024-03-21,TikTok Ads,Video,Branding,Haircare,Argentina,5497,231,318.78,18,4467.32,0.04202292159359651,1.38,17.709999999999997,14.013802622498275
2024-03-28,TikTok Ads,Search,Performance,Makeup,Argentina,24854,1106,1260.84,38,8735.32,0.04449987929508328,1.14,33.18,6.928174867548619
2024-08-02,Google Ads,Search,Performance,Makeup,Brazil,28553,850,1751,51,13010.72,0.0297692011347319,2.06,34.333333333333336,7.430451170759565
2024-08-13,TikTok Ads,Video,Branding,Skincare,Mexico,376370,15992,8595.16,578,141329.02000000002,0.04249010282434838,0.5374662331165583,14.870519031141868,16.44286086588266
2024-08-20,TikTok Ads,Search,Performance,Skincare,Brazil,38828,3607,3498.79,116,8788.51,0.09289687854125889,0.97,30.161982758620688,2.511871246916791
2024-09-22,TikTok Ads,Display,Branding,Skincare,Brazil,81619,3623,1702.81,222,46448.44,0.04438917408936645,0.47,7.670315315315315,27.277523622717744
2024-05-09,Google Ads,Video,Branding,Skincare,Mexico,188202,7189,8267.35,376,88923.49,0.03819831882764264,1.1500000000000001,21.987632978723404,10.755984686749684
2024-02-18,Meta Ads,Display,Branding,Skincare,Mexico,187051,6284,12630.84,493,94906.46,0.033595115770565245,2.0100000000000002,25.620365111561867,7.513867644590542
2024-10-28,TikTok Ads,Video,Branding,Skincare,Mexico,75553,3331,1465.64,203,33301.04,0.04408825592630339,0.44000000000000006,7.219901477832513,22.72115935700445
2024-06-02,Meta Ads,Search,Performance,Haircare,Brazil,37994,1379,1461.74,58,7343.12,0.03629520450597463,1.06,25.20241379310345,5.023547279269911
2024-08-27,Meta Ads,Search,Performance,Haircare,Brazil,158504,4897,2105.71,255,54921.72,0.030895119366072782,0.43,8.257686274509805,26.08228103585014
2024-06-17,Google Ads,Display,Branding,Haircare,Argentina,54976,2611,3446.52,187,8230.48,0.047493451688009315,1.32,18.430588235294117,2.388055197706672
2024-11-29,TikTok Ads,Search,Performance,Makeup,Brazil,159692,6882,2546.34,523,106309.31,0.04309545875810936,0.37,4.868718929254302,41.749848802595096
2024-06-03,Meta Ads,Video,Branding,Skincare,Brazil,182718,2558,3478.88,124,28756.15,0.013999715408443613,1.36,28.05548387096774,8.265921790921217
2024-07-07,Meta Ads,Display,Branding,Skincare,Brazil,74922,1333,1759.56,95,17171.74,0.01779183684365073,1.32,18.521684210526317,9.759110232103481
2024-06-05,Meta Ads,Search,Performance,Makeup,Argentina,79462,2058,1811.04,146,7813.85,0.025899171931237572,0.88,12.404383561643835,4.31456511175899
2024-01-25,TikTok Ads,Display,Branding,Skincare,Mexico,42706,2084,3313.56,35,4766.32,0.048798763639769586,1.59,94.67314285714285,1.4384287594007652
2024-12-30,TikTok Ads,Search,Performance,Haircare,Brazil,204660,8801,6510.61,416,43528.93,0.04300302941463891,0.7397579820474945,15.650504807692307,6.685845105143758
2024-04-08,Google Ads,Shopping,Performance,Skincare,Brazil,90945,3637,10983.74,145,21488.5,0.03999120347462752,3.02,75.74993103448276,1.9563919029401644
2024-09-11,TikTok Ads,Video,Branding,Skincare,Mexico,122116,5507,5396.86,110,3555.98,0.04509646565560615,0.98,49.062363636363635,0.6588979517719563
2024-08-09,Google Ads,Display,Branding,Haircare,Brazil,90374,2349,2278.53,69,5506.03,0.025991988846349613,0.9700000000000001,33.02217391304348,2.416483434495047
2024-11-29,Google Ads,Video,Branding,Haircare,Mexico,9134,228,316.92,2,329.55,0.02496168162907817,1.3900000000000001,158.46,1.0398523286633852
2024-06-19,Google Ads,Display,Branding,Skincare,Brazil,178567,8374,11137.42,98,8808.29,0.04689556300996265,1.33,113.64714285714285,0.7908734697982118
2024-07-21,TikTok Ads,Display,Branding,Makeup,Argentina,21956,1611,2271.51,79,9545.28,0.07337402076881035,1.4100000000000001,28.75329113924051,4.202173884332448
2024-05-06,Meta Ads,Search,Performance,Makeup,Brazil,177224,2374,3727.18,142,18303.42,0.013395476910576446,1.5699999999999998,26.24774647887324,4.910795829554784
2024-12-26,Google Ads,Display,Branding,Haircare,Mexico,77258,3963,7133.4,135,34518.13,0.05129565870201144,1.7999999999999998,52.839999999999996,4.838944963131185
2024-03-17,Meta Ads,Display,Branding,Makeup,Argentina,104714,1015,943.95,78,20952.03,0.009693068739614568,0.93,12.101923076923077,22.19612267598919
2024-05-30,TikTok Ads,Video,Branding,Haircare,Brazil,109733,6616,6020.56,516,53965.61,0.06029179918529522,0.91,11.667751937984496,8.963553224284784
2024-03-25,TikTok Ads,Display,Branding,Makeup,Mexico,85522,3378,1182.3,167,30312.31,0.039498608545169664,0.35,7.079640718562874,25.638425103611606
2024-04-14,Google Ads,Shopping,Performance,Makeup,Argentina,9791,519,2050.05,40,2255.24,0.05300786436523338,3.95,51.251250000000006,1.1000902417014218
2024-06-18,Google Ads,Display,Branding,Makeup,Brazil,89263,3695,6540.15,155,19291.23,0.041394530768627535,1.7699999999999998,42.19451612903226,2.949661705006766
2024-02-03,Meta Ads,Shopping,Performance,Haircare,Mexico,48271,1182,2293.08,30,2529.5,0.024486751880010774,1.94,76.43599999999999,1.1031015053988522
2024-01-27,TikTok Ads,Video,Branding,Skincare,Brazil,196889,9568,8898.24,137,34964.66,0.048595909370254306,0.9299999999999999,64.95065693430656,3.9293905311612187
2024-07-14,TikTok Ads,Shopping,Performance,Skincare,Mexico,62888,3307,2017.27,55,12898.32,0.05258554891235212,0.61,36.67763636363636,6.39394825680251
2024-05-13,Google Ads,Video,Branding,Skincare,Mexico,108187,2423,6469.41,179,29012.87,0.022396406222559086,2.67,36.14195530726257,4.484623791041223
2024-10-18,Meta Ads,Search,Performance,Haircare,Brazil,108591,2084,4501.44,31,6469.19,0.019191277361843985,2.1599999999999997,145.20774193548385,1.4371378936518093
2024-12-10,Google Ads,Display,Branding,Skincare,Mexico,184857,3419,8786.83,248,70137.51,0.018495377508019713,2.57,35.43076612903226,7.982117555477914
2024-07-28,Google Ads,Search,Performance,Haircare,Argentina,158535,3836,8285.76,120,12930.51,0.02419654965780427,2.16,69.048,1.560570183061059
2024-03-17,Meta Ads,Video,Branding,Skincare,Argentina,22878,619,625.19,43,8615.57,0.027056560888189526,1.01,14.539302325581396,13.780722660311264
2024-08-22,Meta Ads,Video,Branding,Skincare,Argentina,30168,1080,496.8,34,5163.27,0.03579952267303103,0.46,14.611764705882353,10.393055555555556
2024-01-10,Meta Ads,Video,Branding,Skincare,Argentina,51698,1307,2561.72,91,15551.2,0.02528144222213625,1.9599999999999997,28.150769230769228,6.07060880970598
2024-01-19,Google Ads,Shopping,Performance,Skincare,Mexico,55075,3056,7212.16,156,5145.31,0.05548797094870631,2.36,46.23179487179487,0.7134214992457184
2024-07-29,Google Ads,Search,Performance,Makeup,Brazil,135011,3496,6607.44,254,69461.44,0.025894186399626696,1.89,26.013543307086614,10.51261002748417
2024-01-10,Google Ads,Video,Branding,Haircare,Argentina,131031,6092,17910.48,482,116431.98,0.04649281467744274,2.94,37.15867219917013,6.500773848607072
2024-09-18,TikTok Ads,Shopping,Performance,Haircare,Mexico,116800,8351,5845.7,493,80828.76,0.07149828767123288,0.7,11.857403651115618,13.827045520639102
2024-10-02,TikTok Ads,Shopping,Performance,Skincare,Brazil,39626,1172,679.76,22,1100.59,0.02957654065512542,0.58,30.89818181818182,1.6190861480522536
2024-06-29,Google Ads,Display,Branding,Haircare,Brazil,35346,1279,3248.66,48,1649.56,0.0361851411758049,2.54,67.68041666666666,0.5077662790196573
2024-10-03,TikTok Ads,Search,Performance,Haircare,Argentina,141087,10609,4667.96,737,190244.62,0.0751947379985399,0.44,6.333731343283582,40.75540921516037
2024-11-03,TikTok Ads,Video,Branding,Skincare,Argentina,184745,12451,20793.17,404,23357.33,0.0673955993396303,1.67,51.468242574257424,1.1233174162477393
2024-11-26,Meta Ads,Search,Performance,Haircare,Argentina,141324,3494,5455.96,185,51228.97,0.024723330785995302,1.5615226101888953,29.491675675675676,9.389542811897448
2024-10-16,TikTok Ads,Display,Branding,Skincare,Brazil,178714,7559,8617.26,312,39985.98,0.042296630370312345,1.1400000000000001,27.619423076923077,4.64021974502336
2024-07-05,TikTok Ads,Display,Branding,Skincare,Mexico,113190,3984,5617.44,172,10269.39,0.03519745560561887,1.41,32.65953488372093,1.828126335127745
2024-02-16,Google Ads,Display,Branding,Haircare,Mexico,197974,4375,10631.25,347,73971.79,0.022098861466657238,2.43,30.637608069164266,6.957957907113462
2024-11-02,Meta Ads,Display,Branding,Haircare,Argentina,133773,3491,6388.53,181,21663.32,0.02609644696612919,1.8299999999999998,35.29574585635359,3.390971005849546
2024-06-05,Google Ads,Display,Branding,Haircare,Mexico,151595,9262,16301.12,572,85249.68,0.06109700188000924,1.76,28.49846153846154,5.229682377652578
2024-11-17,Google Ads,Shopping,Performance,Skincare,Argentina,46745,2140,7361.6,38,5289.97,0.045780297358006206,3.4400000000000004,193.7263157894737,0.7185897087589654
2024-02-10,Google Ads,Shopping,Performance,Makeup,Brazil,24198,1214,1638.9,60,11611.94,0.05016943549053641,1.35,27.315,7.08520349014583
2024-05-03,Meta Ads,Video,Branding,Haircare,Argentina,189221,7587,6904.17,80,2769.22,0.04009597243434925,0.91,86.302125,0.40109383169881385
2024-09-03,Google Ads,Video,Branding,Skincare,Argentina,143235,3981,7285.23,125,27104.75,0.027793486228924493,1.8299999999999998,58.281839999999995,3.7205071082175856
2024-09-19,TikTok Ads,Search,Performance,Haircare,Brazil,129077,4065,4959.3,295,44193.52,0.031492829861245616,1.22,16.811186440677968,8.91124150585768
2024-02-13,Google Ads,Search,Performance,Skincare,Argentina,153865,5785,9834.5,139,16979.34,0.0375978942579534,1.7,70.75179856115108,1.7265077024759774
2024-06-27,Meta Ads,Video,Branding,Skincare,Mexico,117696,4531,4938.79,325,19270.73,0.038497485046220775,1.09,15.196276923076923,3.901913221659556
2024-02-11,Meta Ads,Video,Branding,Skincare,Brazil,92986,2082,3601.86,108,6838.55,0.022390467382186564,1.73,33.35055555555556,1.898616270482473
2024-04-05,TikTok Ads,Display,Branding,Skincare,Mexico,132081,10051,7136.21,229,62261.45,0.07609724335824229,0.71,31.162489082969433,8.724722226503983
2024-03-05,TikTok Ads,Display,Branding,Makeup,Mexico,196312,12642,16181.76,584,148695.91,0.06439748971025715,1.28,27.70849315068493,9.189106129370353
2024-03-17,Meta Ads,Display,Branding,Makeup,Mexico,52838,660,1174.8,14,2258.16,0.01249101025776903,1.78,83.91428571428571,1.9221654749744637
2024-01-17,Google Ads,Shopping,Performance,Skincare,Mexico,100552,3861,7374.51,57,14567.86,0.03839804280372345,1.9100000000000001,129.37736842105264,1.97543430004163
2024-01-10,Meta Ads,Search,Performance,Skincare,Mexico,175574,6935,4785.15,515,69264.33,0.03949901466048504,0.69,9.291553398058252,14.474850318171846
2024-09-10,Meta Ads,Search,Performance,Haircare,Argentina,160341,2228,1916.08,70,6302.54,0.01389538545973893,0.86,27.372571428571426,3.289288547451046
2024-08-10,Meta Ads,Search,Performance,Haircare,Mexico,29055,912,1340.64,41,6404.23,0.03138874548270521,1.4700000000000002,32.69853658536586,4.776994569757727
2024-12-22,TikTok Ads,Search,Performance,Haircare,Mexico,194117,16422,21841.26,1133,121361.12,0.0845984638130612,1.3299999999999998,19.277369814651365,5.55650727110066
2024-12-15,Meta Ads,Shopping,Performance,Skincare,Mexico,125759,2804,4907,164,46752.65,0.022296614953999316,1.75,29.920731707317074,9.52774607703281
2024-06-05,Meta Ads,Shopping,Performance,Haircare,Mexico,98276,2368,3338.88,115,21637.86,0.024095404778379258,1.4100000000000001,29.033739130434782,6.480574324324325
2024-04-08,Google Ads,Shopping,Performance,Skincare,Argentina,153750,4920,14661.6,117,30000.6,0.032,2.98,125.31282051282052,2.0462023244393515
2024-05-02,Meta Ads,Display,Branding,Skincare,Brazil,108717,1435,2511.25,108,22074.54,0.013199407636340223,1.75,23.252314814814813,8.790259830761574
2024-05-31,Google Ads,Display,Branding,Haircare,Brazil,18696,327,853.47,8,1284.99,0.017490372272143773,2.61,106.68375,1.5056065239551477
2024-01-19,TikTok Ads,Search,Performance,Makeup,Brazil,179561,8600,12384,212,34386.07,0.047894587354715114,1.44,58.41509433962264,2.776652939276486
2024-10-10,Meta Ads,Video,Branding,Makeup,Mexico,188552,6373,4142.45,129,8973.49,0.03379969451398023,0.65,32.112015503875966,2.1662277154823837
2024-02-16,Google Ads,Video,Branding,Haircare,Argentina,83702,3900,8502,60,11812.78,0.04659386872476166,2.18,141.7,1.3894119030816279
2024-12-26,Meta Ads,Display,Branding,Haircare,Argentina,27169,546,589.68,15,1578.78,0.020096433435165078,1.0799999999999998,39.312,2.6773504273504276
2024-09-16,Google Ads,Video,Branding,Skincare,Mexico,83466,4089,9241.14,108,12521.2,0.0489900079074114,2.26,85.56611111111111,1.3549410570557314
2024-02-29,TikTok Ads,Search,Performance,Skincare,Mexico,138025,9192,5882.88,420,38810.35,0.06659663104510052,0.64,14.006857142857143,6.597168393711923
2024-02-02,TikTok Ads,Video,Branding,Makeup,Brazil,112294,9039,8948.61,99,20435.34,0.08049406023474094,0.9900000000000001,90.39,2.2836328770613536
2024-11-11,TikTok Ads,Video,Branding,Haircare,Brazil,137895,5901,7907.34,379,86835.97,0.04279342978353095,1.34,20.863693931398416,10.98169169404629
2024-02-16,Google Ads,Search,Performance,Haircare,Brazil,90794,5638,17477.8,217,54642.18,0.06209661431372117,3.1,80.54285714285714,3.1263763173854833
2024-12-16,Google Ads,Search,Performance,Skincare,Mexico,117458,6824,13716.24,251,12200.18,0.05809736246147559,2.01,54.64637450199203,0.8894697088998151
2024-06-22,Meta Ads,Video,Branding,Haircare,Argentina,35398,1044,469.8,20,1596.24,0.02949319170574609,0.45,23.490000000000002,3.3977011494252873
2024-07-05,Meta Ads,Shopping,Performance,Haircare,Mexico,42236,1013,1448.59,29,4720.08,0.023984278814281654,1.43,49.95137931034483,3.2583960955135685
2024-03-10,Meta Ads,Shopping,Performance,Makeup,Mexico,149532,5069,12114.91,397,95392.09,0.03389909852071797,2.39,30.516146095717883,7.873941283922043
2024-01-27,Google Ads,Search,Performance,Skincare,Argentina,79432,4130,9457.7,311,59366.41,0.05199415852553127,2.29,30.410610932475887,6.2770451589709975
2024-09-10,Meta Ads,Display,Branding,Haircare,Brazil,153057,2969,6650.56,148,28216.02,0.01939800205152329,2.24,44.936216216216216,4.24265325025261
2024-02-28,TikTok Ads,Search,Performance,Skincare,Brazil,96045,5820,1804.2,235,47063.54,0.06059659534593159,0.31,7.677446808510639,26.0855448398182
2024-01-19,Google Ads,Search,Performance,Haircare,Brazil,82764,2276,2071.16,130,22792.2,0.027499879174520323,0.9099999999999999,15.931999999999999,11.004557832325847
2024-07-10,Google Ads,Video,Branding,Skincare,Brazil,158514,4565,9769.1,235,15388.32,0.028798718094300818,2.14,41.57063829787234,1.5752034476052041
2024-02-02,TikTok Ads,Shopping,Performance,Haircare,Argentina,196605,14922,26262.72,757,181823.28,0.075898374914168,1.76,34.6931571994716,6.923246335490002
2024-06-26,Google Ads,Shopping,Performance,Makeup,Mexico,143944,7873,16612.03,513,65899.82,0.0546948813427444,2.11,32.38212475633528,3.966993799072119
2024-04-17,Meta Ads,Display,Branding,Haircare,Brazil,30939,937,552.83,63,16531.03,0.030285400303823654,0.5900000000000001,8.775079365079366,29.902555939438884
2024-08-20,Google Ads,Search,Performance,Skincare,Brazil,170904,4751,5321.12,326,44297.15,0.027799232317558396,1.1199999999999999,16.32245398773006,8.324779369756744
2024-04-15,Google Ads,Display,Branding,Skincare,Argentina,26974,1298,2248.6800000000003,77,18765.37,0.048120412248832206,1.7324191063174117,29.203636363636367,8.345060213102796
2024-10-26,Google Ads,Search,Performance,Skincare,Brazil,51819,2497,7191.36,138,37600.62,0.04818695845153322,2.88,52.111304347826085,5.228582632492325
2024-01-28,Google Ads,Video,Branding,Skincare,Argentina,193978,5780,9999.4,177,42071.17,0.029797193496169667,1.73,56.49378531073446,4.20736944216653
2024-01-08,Meta Ads,Video,Branding,Haircare,Mexico,127775,3871,2941.96,159,28717.22,0.030295441205243592,0.76,18.502893081761005,9.761254401827353
2024-10-12,Meta Ads,Video,Branding,Haircare,Brazil,74615,2327,2559.7,129,25496.94,0.031186758694632447,1.0999999999999999,19.842635658914727,9.960909481579872
2024-07-28,Google Ads,Video,Branding,Haircare,Brazil,168623,6896,9792.32,200,24436.96,0.04089596318414451,1.42,48.9616,2.49552302212346
2024-09-06,Meta Ads,Video,Branding,Skincare,Mexico,98079,3226,7032.68,44,1401.71,0.03289185248626107,2.18,159.83363636363637,0.19931377511844703
2024-10-17,Google Ads,Video,Branding,Haircare,Argentina,176541,4378,12564.86,175,19637.27,0.02479877195665596,2.87,71.7992,1.5628721688900633
2024-08-11,Meta Ads,Video,Branding,Haircare,Mexico,46743,1523,1218.4,51,5825.03,0.03258241875788888,0.8,23.890196078431373,4.780884766907419
2024-05-31,Google Ads,Search,Performance,Skincare,Brazil,100312,4518,11279.1,265,42934.85,0.04503947683228328,2.496480743691899,42.562641509433966,3.806584745236765
2024-08-28,Google Ads,Shopping,Performance,Makeup,Argentina,49462,1206,2351.7,74,12950.09,0.024382354130443575,1.95,31.779729729729727,5.506693030573628
2024-10-25,Meta Ads,Shopping,Performance,Makeup,Argentina,107489,2515,3521,166,18411.15,0.023397743024867662,1.4,21.210843373493976,5.228954842374326
2024-07-28,Meta Ads,Shopping,Performance,Skincare,Mexico,99948,1389,1444.56,67,4987.6,0.01389722655781006,1.04,21.56059701492537,3.452677631943291
2024-07-14,Meta Ads,Shopping,Performance,Haircare,Brazil,111802,2247,3707.55,163,6163.84,0.020098030446682527,1.6500000000000001,22.745705521472395,1.6625102830710308
2024-01-03,Meta Ads,Video,Branding,Haircare,Argentina,149375,6109,13317.62,89,22418.8,0.04089707112970711,2.18,149.6361797752809,1.6833938796872112
2024-10-31,TikTok Ads,Search,Performance,Skincare,Brazil,174898,13029,16416.54,822,162206.84,0.07449484842593969,1.26,19.9714598540146,9.880695932273182
2024-07-03,Google Ads,Shopping,Performance,Haircare,Mexico,183428,4549,9598.39,135,6604,0.02479992149508254,2.11,71.09918518518518,0.6880320553759537
2024-08-22,Google Ads,Display,Branding,Skincare,Argentina,106026,5152,8861.44,240,50663.13,0.04859185482806104,1.7200000000000002,36.92266666666667,5.717257014661273
2024-10-06,TikTok Ads,Display,Branding,Makeup,Argentina,93074,4225,6506.5,300,11467.08,0.04539398757977523,1.54,21.688333333333333,1.7624037500960579
2024-12-26,Google Ads,Search,Performance,Skincare,Argentina,106975,4300,10277,335,35904.36,0.04019630754849264,2.39,30.677611940298508,3.4936615743894133
2024-08-18,Meta Ads,Video,Branding,Haircare,Mexico,82271,3397,1766.44,36,6412.73,0.041290369632069626,0.52,49.06777777777778,3.630312945811915
2024-11-03,Google Ads,Display,Branding,Haircare,Mexico,70226,4037,8719.92,240,68153.47,0.0574858314584342,2.16,36.333,7.815836613179938
2024-01-11,Google Ads,Search,Performance,Haircare,Brazil,48351,2156,6812.96,83,7504.87,0.04459059791938119,3.16,82.08385542168675,1.101557913153754
2024-03-12,TikTok Ads,Video,Branding,Skincare,Brazil,109205,4499,3779.16,49,13660.38,0.041197747355890296,0.84,77.12571428571428,3.61466040072397
2024-05-13,Google Ads,Search,Performance,Haircare,Brazil,71267,3962,3684.66,287,50107.59,0.05559375306944308,0.9299999999999999,12.838536585365853,13.598972496783963
2024-09-05,Meta Ads,Search,Performance,Makeup,Mexico,189598,6673,13279.27,170,36177.68,0.03519551894007321,1.99,78.11335294117647,2.7243726500025978
2024-11-02,TikTok Ads,Video,Branding,Makeup,Mexico,92985,8024,6820.4,520,150774.99,0.08629348819702103,0.85,13.116153846153846,22.106473227376693
2024-07-02,TikTok Ads,Shopping,Performance,Skincare,Mexico,97254,3374,5567.1,63,17255.15,0.0346926604561252,1.6500000000000001,88.36666666666667,3.09948626753606
2024-04-28,TikTok Ads,Video,Branding,Haircare,Argentina,110940,6512,9181.92,108,14612.87,0.058698395529114836,1.41,85.01777777777778,1.5914830449404918
2024-04-01,Meta Ads,Search,Performance,Makeup,Mexico,91332,3762,2445.3,125,31285.11,0.04119038234134805,0.65,19.5624,12.793976199239356
2024-10-08,Meta Ads,Video,Branding,Skincare,Mexico,198581,1985,3493.6,38,8029.71,0.009995921059920133,1.76,91.93684210526315,2.2984056560567896
2024-06-21,Meta Ads,Shopping,Performance,Haircare,Argentina,76880,1798,2121.64,91,8926.11,0.02338709677419355,1.18,23.314725274725273,4.207174638487208
2024-12-21,Google Ads,Display,Branding,Makeup,Brazil,164028,5905,5905,377,25718.59,0.03599995122783915,1,15.6631299734748,4.3553920406435225
2024-05-21,Meta Ads,Video,Branding,Skincare,Brazil,12253,468,360.36,9,1433.96,0.03819472782175794,0.77,40.04,3.9792429792429793
2024-08-30,TikTok Ads,Display,Branding,Haircare,Argentina,122174,6499,5719.12,413,58791.38,0.05319462406076579,0.88,13.84774818401937,10.27979479360461
2024-02-16,Meta Ads,Shopping,Performance,Skincare,Mexico,35755,654,1046.4,40,11846.71,0.01829114809117606,1.6,26.160000000000004,11.321397171253821
2024-05-12,Google Ads,Display,Branding,Skincare,Brazil,26352,1697,2901.87,126,31980.19,0.06439738919247116,1.71,23.030714285714286,11.020545372466719
2024-06-16,Meta Ads,Search,Performance,Makeup,Argentina,136637,4399,5762.69,254,21909.38,0.03219479350395574,1.3099999999999998,22.68775590551181,3.801936248522826
2024-01-17,Meta Ads,Shopping,Performance,Makeup,Brazil,62033,2667,2933.7,135,14288.2,0.04299324553060468,1.0999999999999999,21.731111111111108,4.87036847666769
2024-05-06,Google Ads,Search,Performance,Haircare,Mexico,51666,2965,8657.8,80,16836.59,0.05738783726241629,2.92,108.2225,1.9446730116195803
2024-11-03,Meta Ads,Shopping,Performance,Skincare,Argentina,39723,1116,1060.2,14,582.59,0.028094554791934144,0.9500000000000001,75.72857142857143,0.5495095265044331
2024-12-29,TikTok Ads,Video,Branding,Makeup,Brazil,11820,366,629.52,12,2301.99,0.030964467005076143,1.72,52.46,3.656738467403736
2024-04-13,Google Ads,Shopping,Performance,Skincare,Mexico,165104,7958,24590.22,105,29946.1,0.04819992247310786,3.0900000000000003,234.19257142857143,1.2178052900706051
2024-10-05,Google Ads,Search,Performance,Skincare,Argentina,143241,7133,14693.98,272,60208.51,0.049797194937203734,2.06,54.02198529411765,4.097495028576329
2024-01-24,TikTok Ads,Shopping,Performance,Haircare,Mexico,79967,2327,2443.35,43,11334.87,0.029099503545212402,1.05,56.82209302325581,4.639069310577691
2024-09-30,Google Ads,Search,Performance,Haircare,Brazil,50076,2964,10077.6,94,28058.66,0.059190031152647975,3.4,107.20851063829788,2.7842601413034846
2024-11-25,TikTok Ads,Display,Branding,Skincare,Mexico,82661,4769,6342.77,271,79985.87,0.057693470923410074,1.33,23.405055350553507,12.610558163073861
2024-07-06,TikTok Ads,Display,Branding,Haircare,Mexico,89224,5255,10457.45,336,94667.83,0.05889670940554111,1.9900000000000002,31.123363095238098,9.052668671616885
2024-12-24,TikTok Ads,Search,Performance,Skincare,Argentina,102847,6458,7555.86,314,81199.4,0.06279230312989198,1.17,24.06324840764331,10.746546389160201
2024-12-08,Google Ads,Display,Branding,Haircare,Brazil,121832,6786,8007.48,139,28929.72,0.05569965197977543,1.18,57.60776978417266,3.6128369974074244
2024-09-11,Google Ads,Video,Branding,Makeup,Brazil,88514,1610,1384.6,77,22165.04,0.018189213005852183,0.86,17.98181818181818,16.008262314025714
2024-09-25,TikTok Ads,Display,Branding,Haircare,Argentina,154712,10288,11111.04,439,80440.02,0.06649775065928952,1.08,25.3098861047836,7.239648133748056
2024-04-20,TikTok Ads,Shopping,Performance,Makeup,Brazil,103730,4335,6415.8,104,27379.91,0.04179118866287477,1.48,61.690384615384616,4.267575360827956
2024-01-27,TikTok Ads,Search,Performance,Haircare,Mexico,69198,3529,1940.95,256,15199.33,0.050998583774097515,0.55,7.5818359375,7.8308714804605986
2024-08-04,Google Ads,Shopping,Performance,Haircare,Mexico,158627,7725,22248,299,66700.13,0.048699149577310294,2.88,74.40802675585284,2.9980281373606616
2024-12-29,Meta Ads,Video,Branding,Skincare,Mexico,162038,2722,2095.94,71,16951.26,0.01679852874017206,0.77,29.520281690140845,8.087664723226808
2024-12-25,Google Ads,Display,Branding,Makeup,Mexico,10380,503,1006,15,1306.45,0.048458574181117535,2,67.06666666666666,1.298658051689861
2024-09-21,Google Ads,Shopping,Performance,Skincare,Argentina,27791,930,1385.7,73,10712.26,0.03346407110215537,1.49,18.982191780821918,7.730576603882514
2024-12-22,Google Ads,Display,Branding,Skincare,Mexico,45364,1628,2002.44,113,10930.4,0.03588748787584869,1.23,17.720707964601772,5.4585405804918
2024-08-20,TikTok Ads,Search,Performance,Haircare,Brazil,135992,8023,3209.2,640,50560.98,0.05899611741867169,0.39999999999999997,5.014374999999999,15.755010594540698
2024-08-12,TikTok Ads,Video,Branding,Skincare,Argentina,12838,784,329.28,56,2887.05,0.061068702290076333,0.42,5.88,8.767766034985424
2024-08-26,TikTok Ads,Display,Branding,Skincare,Brazil,178782,7705,9862.4,352,30909.61,0.04309717980557327,1.28,28.018181818181816,3.1340860236859185
2024-02-11,TikTok Ads,Video,Branding,Haircare,Argentina,157625,9457,4539.36,534,147520.8,0.059996827914353686,0.48,8.50067415730337,32.49814951887491
2024-02-19,Google Ads,Search,Performance,Haircare,Brazil,95218,2199,5255.61,103,17399.72,0.023094372912684576,2.3899999999999997,51.02533980582524,3.310694667222264
2024-11-16,Google Ads,Shopping,Performance,Skincare,Brazil,119132,3466,7590.54,261,30598.06,0.029093778329919752,2.19,29.082528735632184,4.031078157812225
2024-12-28,Google Ads,Shopping,Performance,Skincare,Argentina,123292,2527,8970.85,179,36566.56,0.02049605813840314,3.5500000000000003,50.116480446927376,4.076153318804795
2024-06-10,TikTok Ads,Search,Performance,Skincare,Argentina,12784,1055,400.9,67,12031.35,0.08252503128911139,0.38,5.983582089552239,30.010850586181096
2024-01-05,Meta Ads,Shopping,Performance,Makeup,Brazil,139257,2631,4235.91,99,9781.28,0.018893125659751396,1.6099999999999999,42.7869696969697,2.3091331024502413
2024-02-29,Google Ads,Display,Branding,Skincare,Mexico,44140,2101,2206.05,55,6735.72,0.04759855006796557,1.05,40.11000000000001,3.053294349629428
2024-01-17,Meta Ads,Shopping,Performance,Haircare,Mexico,185750,1653,2148.9,34,2916.11,0.008899057873485869,1.3,63.20294117647059,1.3570245241751593
2024-04-12,Google Ads,Search,Performance,Skincare,Mexico,102677,3131,11490.77,79,13056.26,0.030493684077251965,3.67,145.4527848101266,1.1362389117526501
2024-05-05,Google Ads,Shopping,Performance,Haircare,Brazil,93534,3544,3366.8,187,32280.5,0.03788996514636389,0.9500000000000001,18.00427807486631,9.587887608411547
2024-04-01,Meta Ads,Search,Performance,Haircare,Argentina,8877,230,174.8,9,1921.06,0.025909654162442265,0.76,19.422222222222224,10.990045766590388
2024-01-02,Meta Ads,Search,Performance,Haircare,Argentina,163624,4368,5591.04,296,31041.33,0.02669535031535716,1.28,18.888648648648648,5.5519778073489015
2024-08-12,Google Ads,Shopping,Performance,Haircare,Brazil,13947,718,1120.08,44,11863.61,0.051480605148060514,1.5599999999999998,25.456363636363633,10.59175237483037
2024-10-29,TikTok Ads,Shopping,Performance,Makeup,Brazil,130811,8895,2846.4,150,31192.02,0.06799886859667766,0.32,18.976,10.958410623946037
2024-06-27,Meta Ads,Search,Performance,Skincare,Mexico,115540,1686,2663.88,87,20354.07,0.01459234897005366,1.58,30.61931034482759,7.640760845083111
2024-10-05,Google Ads,Search,Performance,Makeup,Brazil,48953,2447,2716.17,144,17526.62,0.04998672195779626,1.11,18.862291666666668,6.4526962598070075
2024-03-30,Google Ads,Video,Branding,Skincare,Brazil,81303,4154,8100.3,121,35667.19,0.051092825602991276,1.95,66.94462809917356,4.40319370887498
2024-10-28,TikTok Ads,Display,Branding,Makeup,Argentina,189933,13295,13693.85,284,45485.98,0.06999836784550341,1.03,48.217781690140846,3.321635624751257
2024-03-08,Google Ads,Search,Performance,Makeup,Mexico,22414,472,1184.72,34,7160.99,0.021058267154457036,2.5100000000000002,34.84470588235294,6.044457762171652
2024-01-11,TikTok Ads,Display,Branding,Skincare,Mexico,146587,5995,9112.4,161,27684.26,0.04089721462339771,1.52,56.59875776397515,3.038086563364207
2024-03-15,Google Ads,Display,Branding,Haircare,Argentina,157270,5535,5535,356,86412.59,0.03519425192344376,1,15.547752808988765,15.612030713640468
2024-05-25,Google Ads,Display,Branding,Skincare,Brazil,116972,6269,17741.27,83,8852.61,0.05359402250111138,2.83,213.75024096385542,0.4989840073455846
2024-05-11,Meta Ads,Video,Branding,Haircare,Mexico,172108,6109,13928.52,435,13163.33,0.035495154205498876,2.2800000000000002,32.019586206896555,0.9450630792072667
2024-06-21,TikTok Ads,Display,Branding,Haircare,Mexico,102519,4285,5142,137,26733.75,0.04179713028804417,1.2,37.53284671532847,5.199095682613769
2024-04-04,Meta Ads,Display,Branding,Skincare,Argentina,42606,1495,1151.15,96,14890.27,0.0350889546073323,0.77,11.991145833333334,12.935125743821395
2024-03-24,Google Ads,Display,Branding,Haircare,Argentina,96087,3238,9843.52,45,7783,0.03369862728568901,3.04,218.7448888888889,0.7906724423783361
2024-12-29,Google Ads,Display,Branding,Skincare,Brazil,133526,4633,14223.31,340,62193.85,0.034697362311459944,3.07,41.83326470588235,4.372670637144237
2024-11-25,Google Ads,Shopping,Performance,Haircare,Mexico,107891,3733,8623.23,148,15202.91,0.03459973491764837,2.31,58.26506756756756,1.7630180338457864
2024-09-25,TikTok Ads,Video,Branding,Haircare,Argentina,111154,5124,4560.36,368,82164.4,0.046098206092448316,0.8899999999999999,12.392282608695652,18.01708637037427
2024-11-04,Meta Ads,Display,Branding,Haircare,Argentina,177443,4400,9548,231,43094.26,0.02479669527679311,2.17,41.333333333333336,4.513433179723503
2024-11-13,TikTok Ads,Video,Branding,Haircare,Mexico,72145,3058,2354.66,78,7543.67,0.042386859796243674,0.7699999999999999,30.187948717948718,3.203719432954227
2024-07-28,Meta Ads,Video,Branding,Haircare,Brazil,148088,4561,6202.96,173,48056.97,0.030799254497325915,1.36,35.85526011560694,7.74742542270142
2024-09-09,Google Ads,Display,Branding,Skincare,Argentina,28068,990,999.9,28,5661.1,0.03527148353997435,1.01,35.71071428571428,5.661666166616662
2024-07-28,Google Ads,Display,Branding,Skincare,Mexico,35702,999,1578.42,15,2820.45,0.027981625679233655,1.58,105.22800000000001,1.786881818527388
2024-02-12,TikTok Ads,Video,Branding,Skincare,Brazil,41497,3299,2144.35,112,6822.75,0.07949972287153288,0.65,19.145982142857143,3.1817333924032924
2024-05-10,Google Ads,Video,Branding,Makeup,Argentina,94412,4786,6173.94,343,93767.6,0.05069270855399737,1.2899999999999998,17.999825072886296,15.18764354690846
2024-05-21,Google Ads,Video,Branding,Haircare,Mexico,56305,1644,2712.6,126,24269.48,0.029198117396323595,1.65,21.52857142857143,8.94694389146944
2024-03-30,Google Ads,Search,Performance,Skincare,Mexico,144367,7473,20615.440000000002,237,16067.07,0.051763907264125456,2.7586564967215312,86.9849789029536,0.7793707046757187
2024-11-09,Meta Ads,Video,Branding,Haircare,Brazil,172812,2972,2942.28,178,47180.83,0.017197879776867347,0.9900000000000001,16.529662921348315,16.035465693271885
2024-06-09,Meta Ads,Search,Performance,Skincare,Mexico,119863,1114,1370.22,75,21180.36,0.009293943919307877,1.23,18.2696,15.457634540438761
2024-10-14,Google Ads,Video,Branding,Makeup,Mexico,116011,2726,5342.96,127,4188.78,0.023497771763022472,1.96,42.07055118110236,0.7839811639989818
2024-05-14,Google Ads,Video,Branding,Makeup,Mexico,96178,4328,14542.08,275,37193.1,0.04499989602611824,3.36,52.88029090909091,2.5576189926062844
2024-01-29,Meta Ads,Display,Branding,Haircare,Mexico,77447,906,1041.9,29,8284.13,0.01169832272392733,1.1500000000000001,35.92758620689656,7.9509837796333604
2024-11-26,Google Ads,Video,Branding,Haircare,Mexico,11801,795,2361.15,57,3966.25,0.06736717227353614,2.97,41.42368421052632,1.6797958621857991
2024-11-16,Meta Ads,Display,Branding,Skincare,Brazil,193926,5837,5837,193,28429.29,0.030099109969782288,1,30.243523316062177,4.870531094740449
2024-02-27,Google Ads,Display,Branding,Haircare,Argentina,35355,961,2133.42,68,6145.22,0.027181445340121624,2.22,31.373823529411766,2.880454856521454
2024-01-12,Meta Ads,Video,Branding,Makeup,Mexico,104657,4029,2860.59,204,10401.62,0.038497186045845,0.7100000000000001,14.0225,3.6361799488916624
2024-02-28,Meta Ads,Search,Performance,Haircare,Brazil,133583,3954,2570.1,255,31756.12,0.029599574796194128,0.65,10.078823529411764,12.355986148398895
2024-09-06,Google Ads,Search,Performance,Skincare,Brazil,167932,6717,16523.82,247,38475.06,0.039998332658456995,2.46,66.89805668016194,2.3284603681231095
2024-10-28,Google Ads,Shopping,Performance,Makeup,Brazil,115454,7227,17778.42,154,5144.22,0.06259635872295459,2.46,115.4442857142857,0.28935192216181194
2024-02-28,Meta Ads,Shopping,Performance,Haircare,Mexico,119598,1064,2128,64,17165.43,0.008896469840632786,2,33.25,8.066461466165414
2024-11-02,Meta Ads,Search,Performance,Haircare,Argentina,157008,5024,3617.28,379,73104.85,0.031998369509833896,0.7200000000000001,9.544274406332454,20.209895280431706
2024-09-04,Meta Ads,Video,Branding,Skincare,Argentina,27931,608,924.16,10,1389.72,0.02176792810855322,1.52,92.416,1.5037655817174516
2024-08-06,Meta Ads,Display,Branding,Haircare,Brazil,131155,4052,5024.48,209,15982.2,0.030894742861499753,1.24,24.040574162679423,3.1808664777250586
2024-09-14,TikTok Ads,Display,Branding,Skincare,Brazil,25025,1256,540.08,38,5694.61,0.05018981018981019,0.43000000000000005,14.21263157894737,10.544011998222484
2024-11-08,Google Ads,Shopping,Performance,Skincare,Argentina,32518,1258,3031.78,12,2688.72,0.03868626606802386,2.41,252.64833333333334,0.8868453515756419
2024-07-27,Meta Ads,Display,Branding,Makeup,Argentina,75269,2604,2161.32,70,3191.14,0.034595915981346904,0.8300000000000001,30.876,1.4764773379231209
2024-12-21,Google Ads,Shopping,Performance,Skincare,Brazil,70206,3945,14202,248,37055.99,0.05619177848047176,3.6,57.266129032258064,2.609209266300521
2024-04-04,TikTok Ads,Video,Branding,Makeup,Argentina,145148,5762,8585.38,213,10475.22,0.03969741229641469,1.4899999999999998,40.30694835680751,1.2201230463881623
2024-10-01,TikTok Ads,Display,Branding,Skincare,Mexico,178503,9639,5397.84,146,40162.93,0.05399909245222769,0.56,36.97150684931507,7.440555851970418
2024-03-27,TikTok Ads,Search,Performance,Skincare,Mexico,10209,314,562.06,13,3231.96,0.030757175041629933,1.7899999999999998,43.23538461538461,5.750204604490625
2024-02-25,Google Ads,Search,Performance,Haircare,Mexico,100386,5250,5145,254,73673.45,0.05229812922120614,0.98,20.255905511811022,14.319426627793975
2024-04-14,Meta Ads,Display,Branding,Skincare,Argentina,53128,1678,2533.78,66,19225.18,0.03158409878030417,1.51,38.39060606060606,7.587549037406562
2024-09-11,Google Ads,Search,Performance,Haircare,Brazil,133056,6632,5749.219999999999,368,70916.17,0.04984367484367484,0.866890832328106,15.622880434782607,12.334920215263985
2024-05-12,Meta Ads,Video,Branding,Haircare,Mexico,174579,3247,4318.51,187,41760.07,0.0185990296656528,1.33,23.093636363636364,9.670018131253602
2024-10-04,Meta Ads,Shopping,Performance,Skincare,Argentina,120631,1532,1179.64,114,25286.78,0.012699886430519518,0.77,10.347719298245615,21.43601437726764
2024-06-25,Google Ads,Video,Branding,Haircare,Mexico,132152,7572,8632.08,552,115644.47,0.057297657243174524,1.14,15.637826086956522,13.397057256188543
2024-07-14,Google Ads,Shopping,Performance,Skincare,Argentina,116695,5799,18150.87,372,56034.95,0.049693645828870134,3.13,48.79266129032258,3.087177088481158
2024-12-24,Google Ads,Search,Performance,Haircare,Argentina,262151,10328,10414.96,746,95710.38,0.03939714134220354,1.0084198295894655,13.96107238605898,9.189702120795472
2024-07-16,TikTok Ads,Video,Branding,Skincare,Argentina,147658,6939,5967.54,282,39581.75,0.046993728751574586,0.86,21.161489361702127,6.632842008599859
2024-06-02,Meta Ads,Shopping,Performance,Skincare,Mexico,52013,1565,1611.95,23,6481.69,0.03008863168823179,1.03,70.08478260869565,4.021024225317162
2024-05-26,TikTok Ads,Search,Performance,Makeup,Mexico,143518,10491,8917.35,313,46285.52,0.07309884474421327,0.8500000000000001,28.489936102236424,5.1905016624894165
2024-07-28,Google Ads,Video,Branding,Haircare,Argentina,173678,11428,24113.08,310,83080.36,0.06579992860350764,2.1100000000000003,77.78412903225806,3.4454478648103017
2024-07-04,TikTok Ads,Search,Performance,Makeup,Brazil,162826,7815,12816.6,120,13520.75,0.04799602029159962,1.6400000000000001,106.805,1.0549404678307819
2024-12-30,TikTok Ads,Search,Performance,Skincare,Brazil,61921,3814,1182.34,50,8842.35,0.061594612490108364,0.31,23.6468,7.4786863338802725
2024-09-26,Google Ads,Shopping,Performance,Makeup,Mexico,161089,6540,13734,285,49746.79,0.040598675266467606,2.1,48.189473684210526,3.622163244502694
2024-05-15,Google Ads,Video,Branding,Skincare,Brazil,128962,7337,9904.95,226,26098.81,0.056892728090445245,1.35,43.827212389380534,2.6349259713577555
2024-06-17,Meta Ads,Video,Branding,Haircare,Brazil,36017,1210,1222.1,28,1258.31,0.033595246689063496,1.01,43.646428571428565,1.0296293265690206
2024-04-24,Google Ads,Shopping,Performance,Haircare,Argentina,75649,1792,4981.76,110,12588.99,0.023688350143425557,2.7800000000000002,45.28872727272727,2.5270165563977387
2024-09-12,Meta Ads,Search,Performance,Haircare,Brazil,73447,2401,3457.44,93,11150.38,0.032690239220117906,1.44,37.17677419354839,3.2250393354620757
2024-05-21,Meta Ads,Shopping,Performance,Haircare,Brazil,119427,1146,2211.78,27,5094.36,0.009595820040694316,1.9300000000000002,81.91777777777779,2.3032851368580958
2024-04-29,Meta Ads,Search,Performance,Haircare,Brazil,158335,4021,4077.44,157,43305.36,0.025395522152398396,1.0140363093757772,25.97095541401274,10.620722806466803
2024-09-12,Google Ads,Search,Performance,Skincare,Mexico,25927,1501,1516.01,44,4091.03,0.057893315848343424,1.01,34.454772727272726,2.6985508011160877
2024-01-24,Google Ads,Shopping,Performance,Skincare,Argentina,31325,858,1818.96,43,2004.67,0.027390263367917,2.12,42.30139534883721,1.1020968025685007
2024-02-01,TikTok Ads,Video,Branding,Haircare,Argentina,184504,15479,12383.2,538,112251.74,0.08389520010406279,0.8,23.017100371747212,9.064841075004844
2024-03-15,TikTok Ads,Shopping,Performance,Makeup,Mexico,120016,3336,4436.88,43,5864.19,0.027796293827489667,1.33,103.1832558139535,1.321692270243955
2024-12-14,TikTok Ads,Search,Performance,Haircare,Brazil,148949,12332,12455.32,546,95805.85,0.08279343936515184,1.01,22.811941391941392,7.691962149507199
2024-07-04,Google Ads,Shopping,Performance,Skincare,Argentina,126246,4203,8616.15,290,31939.46,0.033292143909510005,2.05,29.710862068965515,3.706929429037331
2024-06-25,Google Ads,Search,Performance,Makeup,Brazil,88323,3965,9357.4,95,8337.4,0.04489204397495556,2.36,98.49894736842104,0.8909953619595187
2024-10-29,Google Ads,Video,Branding,Skincare,Mexico,174741,7129,15469.93,326,58786.78,0.04079752319146623,2.17,47.45377300613497,3.8000676150441532
2024-01-07,Google Ads,Video,Branding,Skincare,Brazil,32476,1136,1863.04,86,21754.11,0.03497967730016012,1.64,21.663255813953487,11.676673608725524
2024-09-15,Meta Ads,Search,Performance,Skincare,Mexico,9521,237,419.49,17,1502.31,0.024892343241256172,1.77,24.675882352941176,3.5812772652506615
2024-06-24,Google Ads,Shopping,Performance,Makeup,Brazil,184030,5649,12597.27,90,23192.98,0.030696082160517307,2.23,139.96966666666668,1.8411116059273158
2024-02-24,TikTok Ads,Video,Branding,Skincare,Argentina,68176,2679,3321.96,173,19288.91,0.03929535320347336,1.24,19.20208092485549,5.806484725884719
2024-04-28,Meta Ads,Display,Branding,Skincare,Brazil,26159,782,1180.82,52,8689.29,0.029894109102029894,1.51,22.708076923076923,7.35869141782829
2024-01-15,Meta Ads,Search,Performance,Haircare,Brazil,113269,3182,4868.46,185,53909.5,0.02809241716621494,1.53,26.316,11.073214116989767
2024-07-24,Meta Ads,Search,Performance,Skincare,Mexico,8970,306,183.6,22,4976.05,0.03411371237458194,0.6,8.345454545454546,27.102668845315907
2024-05-07,Meta Ads,Shopping,Performance,Haircare,Argentina,46516,772,455.48,39,4874.74,0.016596439934646143,0.59,11.67897435897436,10.702423816633
2024-11-02,Google Ads,Display,Branding,Haircare,Mexico,146295,3394,11573.54,195,49666.69,0.023199699237841348,3.41,59.35148717948719,4.29140003836337
2024-12-15,Meta Ads,Search,Performance,Skincare,Mexico,34778,705,1099.8,35,2280.29,0.020271435965265396,1.5599999999999998,31.42285714285714,2.0733678850700126
2024-06-05,TikTok Ads,Search,Performance,Skincare,Argentina,179120,8794,8442.24,646,31918.96,0.04909557838320679,0.96,13.068482972136223,3.78086384656205
2024-04-15,Google Ads,Video,Branding,Makeup,Mexico,33807,807,1638.21,25,5072.77,0.02387079598899636,2.0300000000000002,65.5284,3.096532190622692
2024-09-06,Google Ads,Shopping,Performance,Skincare,Argentina,136960,5382,7642.44,230,39826.63,0.03929614485981309,1.42,33.228,5.211245361429072
2024-08-30,Meta Ads,Display,Branding,Haircare,Argentina,137053,5550,8436,381,43644.89,0.0404952828467819,1.52,22.141732283464567,5.173647463252727
2024-04-21,Meta Ads,Search,Performance,Makeup,Brazil,43062,1322,925.4,23,2104.08,0.030699921044075984,0.7,40.23478260869565,2.2736978603846985
2024-05-26,Google Ads,Display,Branding,Haircare,Argentina,25967,656,1764.64,24,1078.62,0.02526283359648785,2.69,73.52666666666667,0.6112408196572671
2024-04-13,Meta Ads,Video,Branding,Makeup,Argentina,126103,4300,4687,313,18027.88,0.03409910945814136,1.09,14.97444089456869,3.8463580115212292
2024-12-21,Google Ads,Search,Performance,Haircare,Argentina,101355,4459,11370.45,122,10455.25,0.04399388288688274,2.5500000000000003,93.20040983606557,0.9195106614074201
2024-05-15,Google Ads,Search,Performance,Haircare,Argentina,139648,4398,13194,347,82597.15,0.03149346929422548,3,38.023054755043226,6.2602053963922994
2024-09-28,TikTok Ads,Video,Branding,Haircare,Mexico,68620,3602,1728.96,134,22980.94,0.052491984844068786,0.48000000000000004,12.90268656716418,13.291770775495094
2024-11-14,Google Ads,Display,Branding,Haircare,Argentina,30757,1202,3918.52,60,5647,0.039080534512468706,3.26,65.30866666666667,1.4411053152720925
2024-07-31,Google Ads,Display,Branding,Skincare,Argentina,80324,2337,6987.63,50,12463.37,0.029094666600268913,2.99,139.7526,1.7836333635295516
2024-02-14,Google Ads,Display,Branding,Haircare,Mexico,25497,1142,2101.28,75,18551.01,0.04478958308820646,1.84,28.01706666666667,8.828433145511307
2024-05-26,Google Ads,Video,Branding,Skincare,Mexico,27593,896,2141.44,48,8087.57,0.03247200376907187,2.39,44.61333333333334,3.77669698894202
2024-04-02,Google Ads,Video,Branding,Skincare,Brazil,31855,1411,2398.7,60,3201.45,0.04429445926856067,1.7,39.97833333333333,1.3346604410722476
2024-02-06,Google Ads,Shopping,Performance,Makeup,Brazil,102409,3389,12132.62,149,31253.87,0.03309279457860149,3.58,81.42697986577181,2.576019853914488
2024-11-07,TikTok Ads,Display,Branding,Haircare,Mexico,187199,12036,16007.88,946,165825.37,0.06429521525221822,1.3299999999999998,16.921649048625792,10.358983825465959
2024-08-14,TikTok Ads,Search,Performance,Makeup,Brazil,97345,5178,3158.58,289,44113.49,0.05319225435307412,0.61,10.929342560553634,13.96624115900183
2024-08-21,Meta Ads,Display,Branding,Makeup,Mexico,138074,3313,6327.83,209,16533.53,0.023994379825311066,1.91,30.2766985645933,2.612827778243094
2024-03-10,TikTok Ads,Search,Performance,Makeup,Argentina,179818,11724,12075.72,880,242039.99,0.06519925702654907,1.03,13.72240909090909,20.043524526901916
2024-07-04,Meta Ads,Display,Branding,Skincare,Argentina,88698,1073,987.16,43,5727.99,0.01209722879884552,0.9199999999999999,22.95720930232558,5.802494023258641
2024-06-02,Google Ads,Search,Performance,Haircare,Brazil,16955,440,800.8,30,3274.44,0.025951046888823357,1.8199999999999998,26.69333333333333,4.088961038961039
2024-01-28,Meta Ads,Search,Performance,Haircare,Brazil,113878,3678,3383.76,216,62162.63,0.032297722123676216,0.92,15.665555555555557,18.37087441189682
2024-09-14,Google Ads,Display,Branding,Haircare,Brazil,63812,2686,8004.28,84,6979.61,0.0420923964144675,2.98,95.28904761904762,0.8719847381650817
2024-05-08,Google Ads,Video,Branding,Skincare,Brazil,77796,3703,9887.01,182,43235.35,0.047598848269833925,2.67,54.32423076923077,4.372944904475671
2024-09-17,Meta Ads,Display,Branding,Haircare,Argentina,23113,228,136.8,17,2097.34,0.009864578375805823,0.6000000000000001,8.047058823529412,15.331432748538012
2024-02-08,TikTok Ads,Search,Performance,Haircare,Brazil,128900,10273,8629.32,238,11417.91,0.07969743987587277,0.84,36.25764705882353,1.3231529251435803
2024-06-07,TikTok Ads,Video,Branding,Skincare,Mexico,196745,13240,21581.2,761,195233.42,0.0672952298660703,1.6300000000000001,28.359001314060446,9.046458028283878
2024-08-11,Meta Ads,Search,Performance,Skincare,Brazil,26491,423,401.85,28,3219.77,0.01596768713902835,0.9500000000000001,14.351785714285715,8.012367798929949
2024-07-26,TikTok Ads,Display,Branding,Skincare,Mexico,73743,1991,3524.07,155,29721.14,0.026999172802842305,1.77,22.735935483870968,8.433754153578107
2024-07-28,Google Ads,Shopping,Performance,Haircare,Argentina,79189,4315,3969.8,197,21995.7,0.054489891272777785,0.92,20.151269035532994,5.540757720791979
2024-04-03,TikTok Ads,Shopping,Performance,Skincare,Argentina,68815,3172,2505.88,76,2602.57,0.046094601467703264,0.79,32.97210526315789,1.038585247497885
2024-12-05,Google Ads,Video,Branding,Skincare,Mexico,160816,9745,11888.9,553,62922.41,0.06059720425828276,1.22,21.49891500904159,5.292534212584848
2024-10-11,Meta Ads,Video,Branding,Skincare,Mexico,128245,2949,4688.91,85,8616.72,0.02299504853990409,1.5899999999999999,55.16364705882353,1.837680825607657
2024-05-22,Meta Ads,Search,Performance,Haircare,Mexico,184702,5134,10319.34,70,16883.49,0.027796125651048716,2.0100000000000002,147.41914285714287,1.6361017274360572
2024-02-21,Google Ads,Display,Branding,Haircare,Argentina,136585,5668,16380.52,120,20065.19,0.04149796829812937,2.89,136.50433333333334,1.2249421874275053
2024-09-19,Google Ads,Shopping,Performance,Haircare,Mexico,162353,3977,5766.65,57,15175.48,0.02449600561738927,1.45,101.16929824561403,2.631593732929864
2024-04-27,Meta Ads,Video,Branding,Haircare,Brazil,173001,3477,3303.15,51,11186.61,0.02009814972167791,0.9500000000000001,64.76764705882353,3.3866491076699514
2024-11-01,TikTok Ads,Shopping,Performance,Haircare,Argentina,145225,5562,4672.08,378,102053.93,0.03829919091065588,0.84,12.36,21.8433609869694
2024-08-13,Meta Ads,Shopping,Performance,Haircare,Mexico,107300,2693,1535.01,153,18121.16,0.02509785647716682,0.57,10.032745098039216,11.805239053817239
2024-03-23,TikTok Ads,Search,Performance,Haircare,Brazil,131385,6910,2349.4,206,6729.96,0.05259352285268486,0.34,11.404854368932039,2.864544138929088
2024-03-10,Meta Ads,Search,Performance,Haircare,Argentina,23123,286,346.06,3,585.7,0.012368637287549193,1.21,115.35333333333334,1.692481072646362
2024-07-08,TikTok Ads,Shopping,Performance,Haircare,Argentina,116739,4319,1468.46,306,46873.98,0.03699706182167056,0.34,4.798888888888889,31.920501750132793
2024-01-17,TikTok Ads,Search,Performance,Skincare,Mexico,115716,7394,8577.04,242,49142.56,0.06389781879774621,1.1600000000000001,35.44231404958678,5.7295477227575
2024-03-26,Meta Ads,Shopping,Performance,Skincare,Argentina,115003,2921,1168.4,36,4203.19,0.02539933740858934,0.4,32.455555555555556,3.5973895926052717
2024-02-23,TikTok Ads,Shopping,Performance,Skincare,Argentina,179036,11046,9610.02,787,127296.84,0.06169708885363837,0.87,12.210952986022873,13.246261714335661
2024-11-17,Meta Ads,Shopping,Performance,Haircare,Brazil,170910,3315,1657.5,167,41334.16,0.019396173424609444,0.5,9.925149700598803,24.937653092006034
2024-03-04,Meta Ads,Video,Branding,Haircare,Brazil,180259,2072,2838.64,136,10032.66,0.011494571699610006,1.3699999999999999,20.87235294117647,3.534319251472536
2024-01-22,TikTok Ads,Shopping,Performance,Skincare,Brazil,5059,415,302.95,4,798.87,0.0820320221387626,0.73,75.7375,2.6369697969962043
2024-01-23,Google Ads,Search,Performance,Skincare,Brazil,7948,289,598.23,6,1368.08,0.03636134876698541,2.0700000000000003,99.705,2.286879628236631
2024-05-21,Meta Ads,Display,Branding,Skincare,Argentina,157455,3810,4724.4,244,55928.06,0.02419738973039916,1.24,19.36229508196721,11.838129709592753
2024-04-03,Google Ads,Shopping,Performance,Makeup,Argentina,112992,2802,8406,124,7395.68,0.0247982158028887,3,67.79032258064517,0.8798096597668332
2024-07-22,Meta Ads,Shopping,Performance,Makeup,Brazil,133716,1617,1374.45,48,3570.09,0.01209279368213228,0.85,28.634375000000002,2.597468078140347
2024-09-11,Meta Ads,Video,Branding,Skincare,Mexico,173229,5092,8758.24,65,12320.17,0.029394616374856405,1.72,134.74215384615385,1.4066947240541479
2024-04-22,TikTok Ads,Shopping,Performance,Haircare,Mexico,223717,11113,15118.52,358,45093.119999999995,0.049674365381262936,1.3604355259605867,42.23050279329609,2.9826411579969463
2024-10-08,Meta Ads,Video,Branding,Haircare,Brazil,58276,1183,1762.67,89,20273.71,0.020299951952776445,1.49,19.805280898876404,11.501704800104386
2024-05-28,Meta Ads,Shopping,Performance,Skincare,Argentina,16344,452,406.8,5,1102.53,0.027655408712677434,0.9,81.36,2.710250737463127
2024-04-08,Google Ads,Video,Branding,Makeup,Brazil,198555,13104,32235.84,336,58794.32,0.06599682707562136,2.46,95.94,1.823880500709769
2024-09-27,Meta Ads,Search,Performance,Makeup,Argentina,46846,983,707.76,11,2501.87,0.02098364855056995,0.72,64.34181818181818,3.5349129648468405
2024-05-24,TikTok Ads,Display,Branding,Skincare,Mexico,29089,1076,699.4,40,8233.32,0.036989927463989825,0.65,17.485,11.771975979410923
2024-04-27,Meta Ads,Shopping,Performance,Skincare,Argentina,88986,1308,981,80,21439.34,0.014698941406513384,0.75,12.2625,21.854576962283385
2024-01-10,Google Ads,Video,Branding,Skincare,Mexico,170268,7917,24859.38,98,22672.12,0.0464972866304884,3.14,253.66714285714286,0.9120147002861696
2024-10-23,Meta Ads,Search,Performance,Haircare,Argentina,149565,2437,901.69,30,3133.33,0.016293919031859058,0.37,30.056333333333335,3.4749525890272706
2024-03-22,Google Ads,Display,Branding,Makeup,Argentina,39542,1209,2236.65,42,7992.11,0.03057508472004451,1.85,53.25357142857143,3.573250173250173
2024-02-17,TikTok Ads,Shopping,Performance,Haircare,Mexico,130438,7721,12353.6,353,70310.53,0.05919287324246002,1.6,34.996033994334276,5.691501262789794
2024-11-08,Google Ads,Video,Branding,Skincare,Brazil,31672,877,631.44,16,2266.94,0.027690073250820915,0.7200000000000001,39.465,3.590111491194729
2024-12-01,Google Ads,Search,Performance,Haircare,Mexico,136461,3984,5936.16,214,24710.24,0.029195154659573064,1.49,27.739065420560745,4.162664079135333
2024-10-17,TikTok Ads,Search,Performance,Haircare,Mexico,17356,925,425.5,62,5476.85,0.053295690251209955,0.46,6.862903225806452,12.871562867215042
2024-10-03,Google Ads,Display,Branding,Makeup,Argentina,86471,4859,7628.63,248,19852.56,0.0561922494246626,1.57,30.76060483870968,2.6023755248321128
2024-01-28,TikTok Ads,Shopping,Performance,Haircare,Brazil,34063,1243,472.34,40,10897.53,0.036491207468514225,0.38,11.808499999999999,23.07136808231359
2024-04-03,TikTok Ads,Display,Branding,Haircare,Mexico,122192,4398,4354.02,348,64414.08,0.035992536336257694,0.9900000000000001,12.511551724137933,14.794162635908883
2024-11-05,Meta Ads,Display,Branding,Haircare,Argentina,188804,5267,11060.7,64,10138.3,0.027896654731891273,2.1,172.8234375,0.9166056397877167
2024-04-17,TikTok Ads,Display,Branding,Skincare,Brazil,146842,10646,13094.58,615,113988.39,0.07249969354816742,1.23,21.292,8.705005429727414
2024-03-29,Google Ads,Shopping,Performance,Skincare,Mexico,118985,4545,14680.35,259,58417.12,0.03819809219649536,3.23,56.680888030888035,3.979272973737002
2024-05-05,TikTok Ads,Video,Branding,Haircare,Brazil,192428,9967,15947.2,570,78044.55,0.051795996424636746,1.6,27.977543859649124,4.893934358382663
2024-03-22,Meta Ads,Video,Branding,Skincare,Mexico,168402,5237,4451.45,188,43774.92,0.031098205484495434,0.85,23.67792553191489,9.833856383874917
2024-09-02,Meta Ads,Video,Branding,Skincare,Mexico,76916,2761,1960.31,64,14368.24,0.03589630245982631,0.71,30.62984375,7.329575424295137
2024-03-14,Google Ads,Display,Branding,Makeup,Mexico,32160,1186,1589.24,12,1927.71,0.03687810945273632,1.34,132.43666666666667,1.2129760136920793
2024-02-28,Google Ads,Search,Performance,Haircare,Brazil,116560,4312,12030.48,198,51746.42,0.03699382292381606,2.79,60.76,4.301276424548314
2024-08-01,Google Ads,Shopping,Performance,Haircare,Brazil,65186,1955,4418.3,89,13375.79,0.029991102383947473,2.2600000000000002,49.6438202247191,3.0273612022723673
2024-03-06,Google Ads,Search,Performance,Skincare,Argentina,6044,146,164.98,5,611.36,0.024156187954996692,1.13,32.995999999999995,3.7056612922778522
2024-05-13,Meta Ads,Display,Branding,Skincare,Brazil,163253,1779,907.29,121,18762.73,0.010897196376176855,0.51,7.498264462809917,20.67997002061083
2024-01-29,Google Ads,Video,Branding,Skincare,Mexico,82462,3916,8223.6,199,48785.37,0.047488540176081104,2.1,41.32462311557789,5.932361739384211
2024-09-14,Meta Ads,Display,Branding,Skincare,Brazil,152680,6214,13049.4,283,13261.37,0.04069950222687975,2.1,46.11095406360424,1.016243658712278
2024-03-17,Google Ads,Display,Branding,Makeup,Brazil,94506,3269,5099.64,193,7342.38,0.03459039637694961,1.56,26.42300518134715,1.4397839847518648
2024-09-13,Google Ads,Shopping,Performance,Haircare,Brazil,85618,2679,2464.68,74,6024.46,0.031290149267677356,0.9199999999999999,33.306486486486484,2.4443173150266975
2024-02-10,Meta Ads,Video,Branding,Haircare,Mexico,141313,4762,5000.1,207,26737.15,0.033698244322886074,1.05,24.155072463768118,5.347323053538929
2024-11-29,TikTok Ads,Video,Branding,Makeup,Argentina,50802,3617,1519.14,279,22644.29,0.07119798433132554,0.42000000000000004,5.44494623655914,14.905992864383796
2024-08-10,Google Ads,Display,Branding,Skincare,Argentina,24464,511,572.32,20,5921.83,0.020887835186396336,1.12,28.616000000000003,10.347061084707855
2024-08-16,Meta Ads,Video,Branding,Makeup,Mexico,122845,2714,1546.98,143,36419.79,0.022092881273149092,0.5700000000000001,10.818041958041958,23.542508629717254
2024-09-05,Google Ads,Display,Branding,Skincare,Mexico,118884,5932,17499.4,450,121374.91,0.04989737895763938,2.95,38.88755555555556,6.93594694675246
2024-10-17,Meta Ads,Search,Performance,Haircare,Brazil,55867,1681,3328.38,32,3790.94,0.03008931927613797,1.98,104.011875,1.1389745161309706
2024-09-13,Meta Ads,Display,Branding,Haircare,Brazil,115379,5134,12372.94,391,109895.16,0.04449683217916605,2.41,31.644347826086957,8.881895491289864
2024-06-18,Google Ads,Search,Performance,Haircare,Brazil,184889,6212,13480.04,73,2434.91,0.033598537500878906,2.17,184.65808219178084,0.18063076964163308
2024-07-31,TikTok Ads,Search,Performance,Haircare,Argentina,29741,1287,1583.01,55,6012.36,0.04327359537339027,1.23,28.782,3.7980556029336516
2024-07-25,Google Ads,Search,Performance,Skincare,Argentina,93919,4968,12668.4,308,66254.75,0.05289664498131368,2.55,41.13116883116883,5.229922484291623
2024-11-04,TikTok Ads,Display,Branding,Skincare,Brazil,46190,3030,1272.6,183,38945.83,0.06559861441870535,0.42,6.954098360655737,30.603355335533557
2024-08-27,TikTok Ads,Video,Branding,Haircare,Brazil,149526,4321,3370.38,120,25118.55,0.02889798429704533,0.78,28.0865,7.4527352998771645
2024-01-14,Meta Ads,Display,Branding,Haircare,Argentina,171020,2616,1151.04,41,9636.88,0.015296456554788914,0.44,28.074146341463415,8.372324159021407
2024-02-11,TikTok Ads,Display,Branding,Haircare,Mexico,77467,3300,3333,180,42781.66,0.042598783998347683,1.01,18.516666666666666,12.835781578157818
2024-09-25,Meta Ads,Shopping,Performance,Haircare,Brazil,199451,3989,5105.92,110,8236.16,0.019999899724744422,1.28,46.41745454545455,1.6130609175231887
2024-08-03,Google Ads,Search,Performance,Haircare,Brazil,151900,5270,5849.7,291,47553.46,0.03469387755102041,1.1099999999999999,20.1020618556701,8.129213463938322
2024-06-26,Meta Ads,Shopping,Performance,Skincare,Brazil,52940,1281,1921.5,37,8409.06,0.024197204382319606,1.5,51.932432432432435,4.376299765807962
2024-04-18,TikTok Ads,Search,Performance,Skincare,Mexico,6067,201,126.63,12,2449.28,0.03313004779957145,0.63,10.5525,19.34202005843797
2024-06-06,Google Ads,Search,Performance,Skincare,Brazil,187941,9303,21675.99,528,92564.99,0.04949957699490798,2.33,41.053011363636365,4.270392724853628
2024-12-12,TikTok Ads,Search,Performance,Haircare,Mexico,163984,12971,21791.28,962,170813.74,0.07909918040784467,1.68,22.65205821205821,7.838628111795177
2024-10-12,Meta Ads,Shopping,Performance,Haircare,Brazil,160136,6581,2632.4,393,81942.57,0.041096318129589846,0.4,6.69821882951654,31.12846451907005
2024-11-29,Meta Ads,Search,Performance,Skincare,Brazil,172967,5016,10433.28,331,75767.62,0.02899975139766545,2.08,31.520483383685804,7.262109327076431
2024-01-26,Meta Ads,Search,Performance,Haircare,Brazil,177593,1811,1430.69,128,17092.48,0.01019747399953827,0.79,11.177265625,11.947018571458527
2024-02-06,Meta Ads,Display,Branding,Haircare,Argentina,184541,3063,5268.36,215,16566.88,0.016597937585685566,1.72,24.503999999999998,3.144599078271037
2024-02-01,Meta Ads,Search,Performance,Makeup,Mexico,63528,711,1059.39,23,4567.68,0.011191915375897242,1.4900000000000002,46.0604347826087,4.311613286891513
2024-08-04,Meta Ads,Shopping,Performance,Skincare,Mexico,58968,1715,2555.35,127,13332.87,0.029083570750237417,1.49,20.120866141732282,5.217629678908956
2024-10-22,Google Ads,Search,Performance,Haircare,Brazil,15960,750,1290,40,6919.55,0.046992481203007516,1.72,32.25,5.363992248062016
2024-10-14,Meta Ads,Display,Branding,Skincare,Argentina,125424,3787,1817.76,253,36320.54,0.030193583365225155,0.48,7.1848221343873515,19.980932576357716
2024-02-07,Google Ads,Search,Performance,Skincare,Brazil,163349,7906,21188.08,360,44353.83,0.048399439237460894,2.68,58.85577777777778,2.0933388018168704
2024-11-15,Meta Ads,Shopping,Performance,Skincare,Mexico,141436,3026,5567.84,108,24540.41,0.021394835826805056,1.84,51.55407407407407,4.407527874364206
2024-11-29,Google Ads,Search,Performance,Haircare,Mexico,195606,10817,38184.01,122,7355.91,0.055299939674652104,3.5300000000000002,312.9836885245902,0.1926437270470021
2024-09-22,TikTok Ads,Video,Branding,Skincare,Brazil,53167,2536,1115.84,145,11216.46,0.0476987605093385,0.43999999999999995,7.695448275862068,10.052032549469457
2024-03-11,TikTok Ads,Display,Branding,Skincare,Mexico,165232,7617,5865.09,601,102707.85,0.0460988186307737,0.77,9.758885191347755,17.511726162769882
2024-11-29,Google Ads,Shopping,Performance,Haircare,Brazil,146583,2990,4813.9,114,8660.28,0.020397999768049502,1.6099999999999999,42.22719298245614,1.7990153513783007
2024-09-01,Meta Ads,Search,Performance,Makeup,Brazil,98699,2171,4819.62,92,5066.63,0.021996170173963263,2.2199999999999998,52.387173913043476,1.0512509284964375
2024-01-24,Meta Ads,Search,Performance,Haircare,Argentina,191478,6414,10069.98,236,56534.15,0.03349732084103657,1.5699999999999998,42.66940677966102,5.6141273368963995
2024-08-04,Google Ads,Video,Branding,Skincare,Argentina,39001,1450,3799,18,5256.07,0.03717853388374657,2.62,211.05555555555554,1.3835404053698341
2024-05-01,Meta Ads,Display,Branding,Makeup,Mexico,68843,633,563.37,25,2441.19,0.00919483462370902,0.89,22.5348,4.333191330741786
2024-02-11,Google Ads,Search,Performance,Skincare,Mexico,137156,5253,11293.95,280,75085.66,0.03829945463559742,2.1500000000000004,40.33553571428572,6.648308164990991
2024-01-12,Meta Ads,Display,Branding,Haircare,Mexico,182011,1911,1051.05,35,3848.31,0.010499365422968941,0.5499999999999999,30.029999999999998,3.661395747110033
2024-01-13,Meta Ads,Video,Branding,Makeup,Mexico,138686,2621,3983.92,195,52398.49,0.018898807377817517,1.52,20.430358974358974,13.152495532038795
2024-05-18,Meta Ads,Video,Branding,Makeup,Mexico,25077,341,143.22,5,779.52,0.01359811779718467,0.42,28.644,5.442815249266862
2024-04-16,Meta Ads,Video,Branding,Makeup,Brazil,113987,3579,2720.04,229,31787.48,0.03139831735197873,0.76,11.877903930131005,11.686401670563669
2024-05-22,Meta Ads,Shopping,Performance,Skincare,Brazil,46603,955,658.95,23,2614.49,0.0204922429886488,0.6900000000000001,28.650000000000002,3.9676606722816596
2024-05-24,Meta Ads,Display,Branding,Makeup,Mexico,196354,2945,3268.95,177,7478.3,0.014998421218819072,1.1099999999999999,18.46864406779661,2.2876764710381012
2024-07-08,Google Ads,Shopping,Performance,Haircare,Brazil,93623,6319,7898.75,83,20925.73,0.06749409867233479,1.25,95.16566265060241,2.649245766735243
2024-07-31,Meta Ads,Display,Branding,Skincare,Mexico,159301,6738,14688.84,302,57570.61,0.042297286269389396,2.18,48.63854304635762,3.919343528828689
2024-08-04,Meta Ads,Search,Performance,Skincare,Mexico,194287,5032,4277.2,338,32920.35,0.025899828604075414,0.85,12.654437869822484,7.696705788833817
2024-01-18,TikTok Ads,Search,Performance,Makeup,Argentina,168616,6508,6638.16,508,151081.09,0.038596574465056696,1.02,13.067244094488188,22.759483049519748
2024-09-29,Meta Ads,Shopping,Performance,Haircare,Brazil,139346,4096,2539.52,236,12521.54,0.029394456963242575,0.62,10.760677966101694,4.930671938004033
2024-02-18,Meta Ads,Display,Branding,Haircare,Argentina,8671,156,227.76,7,1461.2,0.017991004497751123,1.46,32.537142857142854,6.415525114155251
2024-02-05,Google Ads,Shopping,Performance,Haircare,Brazil,12045,255,515.1,4,161.02,0.021170610211706103,2.02,128.775,0.312599495243642
2024-08-18,Google Ads,Display,Branding,Haircare,Mexico,179159,6593,14702.39,459,76527.74,0.036799714220329426,2.23,32.03135076252723,5.205122432475265
2024-04-26,TikTok Ads,Search,Performance,Skincare,Brazil,42575,2188,3938.4,63,13519.27,0.05139166177334116,1.8,62.51428571428571,3.4326807840747513
2024-01-06,Meta Ads,Video,Branding,Haircare,Argentina,131681,1725,1362.75,108,31291.1,0.013099839764278825,0.79,12.618055555555555,22.96173179233168
2024-03-27,Meta Ads,Search,Performance,Skincare,Argentina,176656,2897,5417.39,86,23130.95,0.016399103342088578,1.87,62.99290697674419,4.269759053714058
2024-10-13,Meta Ads,Video,Branding,Makeup,Brazil,77353,1895,3202.55,73,9316.26,0.024498080229596784,1.6900000000000002,43.87054794520548,2.909013130161902
2024-01-07,TikTok Ads,Search,Performance,Haircare,Mexico,166711,13670,20505,592,43676.76,0.08199818848186383,1.5,34.63682432432432,2.130054133138259
2024-01-22,Meta Ads,Search,Performance,Skincare,Brazil,80507,2318,1645.78,119,23887.12,0.028792527357869503,0.71,13.830084033613446,14.514163496943699
2024-12-30,Meta Ads,Display,Branding,Skincare,Brazil,60448,1493,3418.97,89,24577.78,0.02469891476971943,2.29,38.41539325842697,7.188650383010088
2024-09-27,Meta Ads,Shopping,Performance,Skincare,Brazil,155354,3371,4281.17,100,7916.95,0.021698829769429818,1.27,42.8117,1.8492491538528018
2024-01-03,Meta Ads,Search,Performance,Makeup,Mexico,91392,2705,5518.2,87,12147.08,0.029597776610644257,2.04,63.42758620689655,2.2012757783335144
2024-02-23,Google Ads,Search,Performance,Skincare,Brazil,21198,703,1377.88,28,6226.83,0.033163505991131235,1.9600000000000002,49.21,4.519138096205765
2024-09-08,Meta Ads,Shopping,Performance,Haircare,Brazil,151730,2063,1526.62,32,6146.93,0.01359652013444935,0.74,47.706875,4.026496443122716
2024-03-24,Google Ads,Shopping,Performance,Haircare,Brazil,26529,1106,1968.68,78,2995.39,0.0416902257906442,1.78,25.23948717948718,1.5215220350691834
2024-10-26,Google Ads,Display,Branding,Skincare,Brazil,114914,3803,10230.07,224,67007.76,0.03309431400873697,2.69,45.669955357142854,6.550078347459988
2024-04-05,Meta Ads,Video,Branding,Makeup,Brazil,131230,2139,4769.97,105,24738.73,0.016299626609769108,2.23,45.428285714285714,5.186349180393168
2024-11-26,Meta Ads,Display,Branding,Haircare,Argentina,149675,3143,4871.65,147,33184.47,0.02099883080006681,1.5499999999999998,33.140476190476186,6.811751665246888
2024-05-26,Google Ads,Search,Performance,Skincare,Brazil,88442,2485,7181.65,69,12989.18,0.028097510232694873,2.8899999999999997,104.08188405797101,1.8086623547513456
2024-09-29,TikTok Ads,Display,Branding,Skincare,Brazil,142456,9943,9048.13,266,72736.17,0.06979698994777335,0.9099999999999999,34.01552631578947,8.038806913693769
2024-12-06,TikTok Ads,Shopping,Performance,Makeup,Brazil,137817,8654,13154.08,392,54000.95,0.062793414455401,1.52,33.556326530612246,4.105262397674333
2024-08-14,Meta Ads,Video,Branding,Makeup,Brazil,108924,2134,874.94,85,7418.36,0.019591641878741142,0.41000000000000003,10.293411764705883,8.478707111344777
2024-07-08,Google Ads,Search,Performance,Skincare,Argentina,188420,9364,24814.6,324,68719.44,0.04969748434348795,2.65,76.58827160493827,2.769314838844874
2024-02-07,TikTok Ads,Search,Performance,Skincare,Brazil,108806,5070,1825.2,279,26787.94,0.04659669503520027,0.36,6.541935483870968,14.676714880561033
2024-11-11,Google Ads,Video,Branding,Haircare,Brazil,90096,4784,15165.28,310,81015.37,0.05309891671106375,3.17,48.92025806451613,5.342161173417173
2024-07-11,TikTok Ads,Video,Branding,Makeup,Brazil,180128,10555,8866.2,707,200566.9,0.058597219754841,0.8400000000000001,12.540594059405942,22.62151767386253
